height,M_0001,M_0005,M_0011,M_0020,M_0021,M_0025,M_0033,M_0036,M_0052,M_0058,M_0061,M_0070,M_0077,M_0083,M_0087,M_0091,M_0098,M_0102,M_0115,M_0128,M_0131,M_0135,M_0141,M_0142,M_0149,M_0150,M_0152,M_0155,M_0156,M_0157,M_0159,M_0161,M_0164,M_0168,M_0170,M_0182,M_0185,M_0186,M_0189,M_0190,M_0196,M_0197,M_0201,M_0212,M_0213,M_0218,M_0221,M_0223,M_0224,M_0228,M_0229,M_0232,M_0239,M_0241,M_0243,M_0245,M_0254,M_0257,M_0260,M_0263,M_0278,M_0284,M_0286,M_0288,M_0297,M_0298,M_0308,M_0312,M_0318,M_0320,M_0325,M_0326,M_0328,M_0332,M_0335,M_0337,M_0340,M_0342,M_0346,M_0347,M_0349,M_0352,M_0358,M_0359,M_0361,M_0369,M_0370,M_0391,M_0397,M_0411,M_0413,M_0415,M_0417,M_0431,M_0436,M_0438,M_0439,M_0445,M_0451,M_0452,M_0462,M_0468,M_0469,M_0470,M_0483,M_0487,M_0495,M_0502,M_0507,M_0508,M_0509,M_0510,M_0519,M_0521,M_0524,M_0526,M_0532,M_0539,M_0540,M_0542,M_0556,M_0563,M_0564,M_0567,M_0569,M_0582,M_0587,M_0590,M_0593,M_0596,M_0600,M_0607,M_0614,M_0615,M_0621,M_0635,M_0643,M_0645,M_0659,M_0662,M_0663,M_0673,M_0677,M_0684,M_0689,M_0695,M_0700,M_0701,M_0703,M_0709,M_0713,M_0717,M_0725,M_0727,M_0731,M_0734,M_0743,M_0746,M_0752,M_0753,M_0793,M_0795,M_0796,M_0801,M_0802,M_0803,M_0807,M_0808,M_0812,M_0817,M_0823,M_0835,M_0836,M_0838,M_0840,M_0844,M_0853,M_0867,M_0868,M_0888,M_0889,M_0896,M_0902,M_0903,M_0910,M_0924,M_0925,M_0931,M_0934,M_0936,M_0937,M_0941,M_0946,M_0950,M_0955,M_0956,M_0957,M_0976,M_0977,M_0985,M_0986,M_0988,M_0990,M_0992,M_0994,M_0995,M_1005,M_1007,M_1010,M_1017,M_1028,M_1035,M_1037,M_1040,M_1049,M_1050,M_1051,M_1063,M_1084,M_1087
,1,1,1,1,1,1,1,1,1,1,1,1,1,1,1,1,1,1,1,1,1,1,1,2,2,2,2,2,2,2,2,2,2,2,2,2,2,2,2,2,2,2,2,2,2,2,2,2,2,2,2,2,2,2,2,2,2,2,2,2,2,2,2,2,2,3,3,3,3,3,3,3,3,3,3,3,3,3,3,3,3,3,3,3,3,3,3,3,3,3,3,3,3,3,3,3,3,3,3,3,3,3,4,4,4,4,4,4,4,4,4,4,4,4,4,4,4,4,4,4,4,4,4,4,4,4,4,4,4,4,4,4,4,5,5,5,5,5,5,5,5,5,5,5,5,5,5,5,5,5,5,5,5,5,5,5,5,5,5,5,5,5,6,6,6,6,6,6,6,6,6,6,6,6,6,6,6,6,6,6,6,6,6,6,6,6,6,6,6,6,7,7,7,7,7,7,7,7,7,7,7,7,7,7,7,7,7,7,7,7,7,7,7,7,7,7,7,7,7,7
,0,4,10,19,20,24,32,35,51,57,60,69,76,82,86,90,97,101,114,127,130,134,140,0,7,8,10,13,14,15,17,19,22,26,28,40,43,44,47,48,54,55,59,70,71,76,79,81,82,86,87,90,97,99,101,103,112,115,118,121,136,142,144,146,155,0,10,14,20,22,27,28,30,34,37,39,42,44,48,49,51,54,60,61,63,71,72,93,99,113,115,117,119,133,138,140,141,147,153,154,164,170,0,1,14,18,26,33,38,39,40,41,50,52,55,57,63,70,71,73,87,94,95,98,100,113,118,121,124,127,131,138,145,0,6,20,28,30,44,47,48,58,62,69,74,80,85,86,88,94,98,102,110,112,116,119,128,131,137,138,178,180,0,5,6,7,11,12,16,21,27,39,40,42,44,48,57,71,72,92,93,100,106,107,114,128,129,135,138,140,0,4,9,13,18,19,20,39,40,48,49,51,53,55,57,58,68,70,73,80,91,98,100,103,112,113,114,126,147,150
88.38161474,A,A,A,A,A,A,A,A,B,B,B,B,B,B,B,B,B,B,A,A,A,A,A,A,A,A,-,A,A,A,A,A,A,A,A,B,B,B,B,B,B,B,B,B,B,B,B,B,B,B,B,B,B,B,A,A,B,B,B,A,B,B,B,B,B,B,B,B,B,B,B,B,A,A,A,A,A,A,A,A,B,B,B,B,B,B,B,A,A,A,A,A,A,A,B,B,B,B,B,B,A,A,A,A,A,B,B,B,B,B,-,B,B,B,B,B,B,B,B,B,B,B,B,B,B,B,B,B,B,B,B,B,B,B,B,B,B,B,B,B,-,B,B,B,A,A,A,A,B,B,A,A,B,B,B,A,A,A,A,A,A,A,B,B,B,B,B,A,A,-,A,A,A,A,A,A,B,B,B,A,A,A,A,A,A,A,A,A,A,A,A,A,A,A,A,A,A,A,-,-,A,A,A,A,A,A,A,A,A,A,A,A,A,A,A,A,A,A,B,B
53.65196019,B,B,A,A,A,B,B,B,B,B,B,B,B,B,B,B,B,B,A,A,A,A,A,B,A,A,A,A,A,A,A,B,B,B,B,B,B,B,B,B,B,B,B,B,B,B,B,B,B,B,B,B,B,B,B,B,B,B,B,A,A,A,A,A,A,B,B,B,B,B,B,B,B,A,A,B,A,A,A,A,A,A,B,B,B,A,A,A,A,A,H,H,A,-,B,B,B,B,B,B,B,A,B,B,B,B,B,-,A,A,A,A,A,A,A,A,A,A,A,-,-,A,A,A,A,A,A,A,A,A,A,A,A,A,A,A,B,B,B,B,B,B,B,B,B,B,B,B,B,B,B,B,B,B,B,B,B,B,B,B,A,A,A,A,A,A,A,A,A,A,A,B,B,B,B,B,B,B,B,B,B,B,B,B,B,-,B,B,B,B,B,B,B,B,B,B,B,B,B,A,A,A,A,A,A,A,A,A,A,A,A,A,A,A,A,A,A,-,A,A
113.8736618,B,B,B,B,B,B,B,-,B,B,B,A,A,A,A,A,A,A,B,B,B,B,B,A,A,A,A,A,A,A,A,A,A,A,A,A,A,A,B,B,B,B,B,A,A,A,A,A,A,A,A,A,A,A,A,A,A,A,A,A,-,A,A,A,A,A,A,A,A,-,A,A,A,A,A,A,A,A,A,A,A,A,A,A,A,A,A,A,A,A,A,A,A,A,A,A,A,A,H,H,B,B,B,B,B,B,B,B,B,B,B,B,B,B,B,B,B,B,B,B,B,B,B,B,-,A,A,A,A,A,A,A,B,A,A,A,-,A,A,A,-,B,B,B,B,B,B,B,B,B,B,B,B,B,B,B,B,B,B,B,A,A,A,-,B,B,B,B,B,B,B,B,B,B,B,B,A,B,B,B,B,B,B,B,B,B,B,H,H,H,B,B,B,B,B,B,B,B,B,B,B,B,B,B,B,B,B,B,B,A,A,A,A,A,A,A,A,-,A,A
98.09301042,A,A,A,A,A,A,A,A,B,B,B,A,B,B,B,B,B,B,B,B,B,B,B,A,A,A,A,A,A,A,A,A,A,A,A,A,A,A,A,A,A,B,B,A,A,A,A,A,A,A,A,A,A,A,A,A,B,A,B,B,B,B,B,B,B,B,B,B,B,B,B,B,B,B,B,B,B,B,A,A,A,A,A,A,B,B,B,A,A,A,A,A,A,A,A,A,A,A,A,A,A,A,B,B,B,B,B,B,B,B,B,B,B,B,B,B,B,B,B,B,A,A,A,A,A,A,A,A,A,A,A,A,B,B,-,B,B,B,B,B,B,B,A,A,A,A,A,A,A,A,A,A,-,A,A,A,B,B,B,B,A,A,A,A,A,A,A,A,A,A,A,A,A,A,A,A,A,B,B,B,B,B,B,B,B,B,B,B,B,B,B,B,B,B,B,B,B,B,B,-,B,B,B,B,B,B,B,B,B,B,B,B,B,B,B,B,B,B,B,B
100.6479033,B,B,B,B,B,B,B,B,B,B,B,B,B,B,B,-,B,B,B,A,A,A,A,B,B,B,B,B,B,B,-,B,B,A,A,B,B,B,B,B,B,B,B,B,B,B,B,B,B,B,B,B,B,B,B,B,B,B,B,B,B,B,B,B,B,A,A,A,A,A,A,A,A,A,A,A,A,A,A,A,A,A,A,A,A,A,A,A,A,A,A,A,A,A,A,A,A,A,A,A,A,A,A,A,A,A,A,A,A,A,-,A,A,A,B,B,B,B,B,B,B,B,B,B,B,B,B,B,B,B,B,B,B,A,A,B,B,B,B,B,B,B,B,B,B,B,B,B,B,B,B,B,B,B,B,B,B,B,B,B,B,B,B,A,A,A,A,A,A,A,A,B,A,A,A,A,A,A,A,A,A,A,A,A,A,A,A,A,A,A,B,B,B,A,A,B,A,A,A,A,A,A,A,A,A,A,B,B,B,A,A,A,A,-,B,B,B,A,A,A
101.0586709,B,A,B,B,B,B,A,A,B,B,B,A,A,A,A,A,A,A,A,A,A,A,A,A,A,A,A,A,A,A,A,A,A,A,A,A,A,A,A,A,A,A,A,A,A,A,A,A,A,A,A,A,A,A,A,A,A,A,A,A,A,A,A,-,A,B,B,B,B,B,B,B,B,B,B,B,B,B,B,B,B,B,B,B,B,A,A,A,A,A,A,A,A,A,A,-,A,A,A,A,-,-,A,A,A,A,A,A,A,A,A,B,B,B,B,B,B,B,B,B,B,B,B,A,A,B,B,B,B,B,B,B,B,B,B,B,B,B,-,B,B,B,B,B,B,B,B,B,B,B,B,B,B,A,A,A,B,B,B,B,A,A,A,A,A,A,A,A,A,A,A,A,A,A,A,A,A,A,A,A,A,B,A,A,A,A,A,A,A,A,B,B,B,B,B,A,A,A,A,A,A,-,A,A,A,-,A,A,A,A,B,B,B,B,B,B,B,B,A,A
98.48931443,B,A,A,A,A,A,A,A,A,A,A,B,A,A,A,A,-,B,B,B,B,B,B,B,B,B,B,B,B,B,B,B,A,A,A,A,A,A,A,B,B,B,B,B,B,B,B,-,B,B,B,B,B,B,B,B,B,B,-,B,B,B,B,B,B,B,B,B,B,B,B,B,B,A,A,A,A,A,B,B,B,B,B,B,B,B,B,B,B,B,B,B,B,B,B,B,B,B,B,B,B,B,A,A,A,A,A,A,A,A,A,A,B,B,B,B,B,B,B,A,A,A,A,A,A,A,A,A,A,A,A,A,A,A,A,A,A,A,B,B,B,B,B,B,B,B,B,B,B,B,B,B,B,A,A,A,A,A,A,A,B,B,A,A,A,A,A,-,A,A,A,-,-,B,B,B,B,A,A,A,-,A,B,B,A,A,A,A,A,A,B,B,B,B,B,B,B,-,A,A,A,A,A,A,A,A,A,A,A,-,B,B,B,B,A,A,A,A,A,B
69.21765491,B,B,B,B,B,B,A,A,A,A,A,A,A,A,B,B,B,A,A,A,A,A,A,B,B,B,B,B,B,B,B,B,A,A,B,B,B,B,B,-,A,A,A,H,H,H,H,B,B,B,H,A,A,A,A,A,A,A,A,A,A,A,A,A,A,B,B,B,B,A,A,-,A,A,A,A,A,A,A,A,A,A,B,B,B,A,A,B,B,B,B,B,B,A,A,A,A,A,A,A,A,A,B,B,A,A,A,A,A,A,A,A,A,A,A,B,B,B,B,B,B,B,B,B,B,B,B,A,A,A,A,A,A,B,B,B,A,A,A,A,A,B,B,B,A,A,A,A,A,A,A,A,A,A,-,A,A,A,A,A,B,A,A,A,A,A,A,B,B,B,B,B,B,B,B,B,B,B,B,B,B,B,B,B,B,B,B,B,B,B,A,A,A,A,A,A,A,A,A,A,A,A,A,A,B,A,A,A,B,B,H,H,H,H,H,H,H,B,B,B
85.94472175,A,A,A,A,B,B,B,B,B,B,B,B,H,A,A,A,-,A,A,A,A,A,A,A,-,A,A,A,-,A,A,A,A,A,A,A,-,A,A,A,A,A,B,A,A,A,A,A,A,A,A,A,A,A,A,-,A,A,B,B,B,B,B,B,H,B,B,B,B,B,B,B,B,B,B,B,B,B,B,B,B,B,B,B,B,B,B,B,B,B,B,B,B,B,B,B,B,B,A,A,A,A,-,A,A,A,A,A,A,A,A,A,A,A,A,A,A,A,A,A,A,A,A,A,-,A,A,A,A,A,A,A,A,B,-,A,A,A,A,A,A,A,A,A,A,A,A,-,A,A,A,A,A,A,-,-,B,B,B,B,B,B,A,A,A,A,A,A,A,A,A,B,B,B,B,B,A,A,A,A,A,A,A,A,A,-,A,A,A,A,A,A,A,A,A,A,A,A,A,A,A,A,A,A,A,A,A,A,A,-,B,B,B,B,B,B,B,B,B,B
91.58632214,A,A,A,A,A,H,B,B,B,B,B,B,B,B,B,B,B,B,B,B,B,B,A,B,B,B,B,B,B,B,A,A,A,A,A,A,A,A,A,A,A,A,A,A,A,A,-,A,A,A,A,A,A,A,A,A,A,-,A,A,B,B,B,B,B,A,B,H,B,B,B,B,B,B,B,B,-,B,B,B,B,B,B,B,B,B,B,A,-,A,A,A,A,A,A,A,A,A,A,A,A,A,B,B,B,B,B,B,B,B,B,B,B,B,B,B,B,B,-,B,B,B,B,B,B,B,B,B,B,B,B,B,B,A,A,A,A,B,B,B,B,A,A,A,A,A,A,A,A,A,A,A,A,A,A,-,A,A,B,B,A,A,B,B,B,B,B,B,-,B,B,B,B,B,B,B,B,B,B,B,B,B,B,B,-,B,B,B,B,B,A,A,A,B,B,B,B,B,B,B,-,B,A,A,A,A,A,A,A,A,A,A,A,A,-,A,A,-,B,B
83.47533656,-,B,B,B,B,B,A,A,A,A,A,A,A,A,A,A,A,A,A,A,A,-,A,B,B,B,B,B,B,B,B,B,B,B,B,B,B,B,B,B,B,B,B,B,B,B,B,-,B,B,B,B,A,A,A,A,A,-,B,B,B,B,B,B,A,B,B,B,B,B,B,B,B,B,B,B,B,B,B,B,B,B,B,B,B,A,A,-,A,A,A,A,A,A,A,A,A,A,A,A,A,A,B,B,A,A,A,A,A,A,A,A,A,A,A,A,A,B,B,B,B,B,B,B,B,B,B,B,B,B,B,B,B,A,A,A,A,A,A,A,A,A,A,A,A,A,A,A,A,B,B,B,B,B,B,-,B,B,B,B,B,B,B,B,B,B,B,B,B,B,B,B,B,B,B,B,B,B,B,B,B,B,B,B,B,B,B,B,B,B,B,B,B,B,B,B,B,A,A,A,A,A,A,A,A,A,A,A,A,A,A,A,A,A,A,A,A,A,B,B
93.81443844,B,B,B,B,B,B,B,B,B,B,B,B,B,B,B,-,B,B,B,B,B,B,B,B,B,B,B,B,B,B,B,B,B,A,A,A,A,B,B,B,A,A,A,A,A,B,B,B,B,B,-,B,-,B,B,B,B,B,A,A,A,A,A,A,A,A,A,A,A,A,A,A,A,A,A,A,A,-,A,A,A,B,B,B,B,A,A,A,A,A,A,A,A,A,A,A,A,A,A,A,A,A,A,A,A,A,B,B,B,B,B,B,B,B,B,B,B,B,B,B,B,B,B,B,B,B,B,B,-,B,B,B,B,B,B,B,B,B,B,B,B,B,B,B,A,-,A,A,A,A,A,A,A,A,A,A,A,A,A,A,A,A,B,B,B,B,B,B,B,A,B,A,A,A,A,B,B,B,B,B,B,B,B,B,A,B,B,B,B,B,A,A,A,A,A,A,A,A,A,A,A,A,A,-,A,A,A,A,A,A,A,A,A,A,A,A,A,A,B,B
75.25855863,B,B,A,-,A,A,A,A,A,B,B,A,A,A,A,A,A,A,B,B,B,B,B,B,B,B,A,A,A,A,B,B,B,B,B,B,B,B,B,B,B,B,B,B,B,B,B,B,B,B,B,B,B,B,B,B,B,B,B,B,A,A,A,A,A,A,A,A,-,A,B,B,B,B,B,B,B,B,B,B,B,B,B,B,B,B,B,B,B,A,A,A,A,-,A,A,A,A,A,A,A,A,B,B,B,B,B,-,B,-,B,B,B,B,B,B,A,A,A,A,A,A,A,H,A,A,A,A,A,A,A,A,A,A,A,A,B,B,B,B,B,B,B,B,-,B,B,B,B,B,B,B,-,B,B,B,B,B,B,B,B,B,A,-,A,A,A,A,A,A,A,A,A,A,A,A,A,A,A,A,A,A,A,-,B,B,B,B,B,B,A,A,A,A,A,A,A,A,A,A,A,A,A,-,A,A,A,A,A,A,A,A,A,A,A,A,A,A,A,A
77.08142843,B,B,-,B,B,B,B,B,B,B,B,A,A,A,A,A,A,A,A,A,A,A,A,A,A,A,A,-,A,A,A,A,A,B,B,B,H,H,H,H,H,H,H,A,A,A,A,A,A,A,A,A,A,A,A,H,B,B,B,B,B,B,B,B,-,B,B,B,B,B,B,B,B,B,B,B,B,B,A,-,A,B,B,B,B,H,H,A,A,B,B,B,B,H,A,A,A,A,B,B,B,B,A,A,A,A,A,A,A,-,A,A,A,A,A,A,A,A,A,A,A,A,A,A,A,A,A,A,A,A,A,A,A,B,B,B,B,B,B,B,B,B,B,A,B,B,B,B,B,B,B,-,B,B,-,A,A,A,A,A,A,A,A,A,A,A,A,A,A,A,B,B,B,B,B,A,A,-,A,A,A,A,A,A,A,A,A,A,A,A,B,B,B,B,B,B,B,A,A,B,B,B,B,B,B,-,B,B,B,B,A,A,A,A,A,B,B,B,B,B
83.56685606,B,B,B,B,B,B,B,B,B,B,B,B,B,B,B,A,A,A,A,-,A,A,B,B,B,B,B,B,-,B,B,B,B,B,B,B,B,B,B,B,B,B,B,B,B,B,B,B,B,B,B,B,B,B,B,B,-,B,B,B,B,-,B,H,B,-,A,A,A,A,A,A,A,A,A,A,A,A,A,A,-,A,A,A,A,B,B,A,A,B,B,B,B,B,B,B,B,B,A,A,A,A,B,B,B,B,B,B,B,B,B,B,B,B,B,B,B,B,B,B,B,B,B,B,B,B,B,B,B,B,B,B,B,B,B,B,B,B,-,A,A,A,A,A,A,B,B,B,A,A,B,B,B,B,B,A,A,A,A,A,A,A,A,A,A,A,B,B,B,B,B,B,B,B,A,A,A,A,A,B,B,B,B,B,-,B,B,B,B,B,A,A,A,A,A,-,A,A,-,A,A,A,-,A,A,A,B,B,B,B,B,A,A,A,B,B,B,B,A,A
85.09367491,B,B,-,B,-,B,B,B,A,B,B,B,B,B,B,B,B,B,A,A,A,A,B,B,B,B,B,B,B,A,A,A,A,A,A,A,A,A,A,A,A,A,A,A,A,A,A,A,B,B,B,B,B,B,B,B,B,B,B,B,A,A,A,A,A,B,B,B,A,A,A,A,A,A,A,A,A,A,A,A,A,A,A,A,A,A,A,A,A,B,B,B,B,B,B,B,B,A,B,B,B,B,B,B,B,B,B,B,B,B,B,B,B,B,B,B,B,B,B,B,B,B,B,B,B,B,B,B,B,B,-,B,B,A,A,A,A,A,A,A,A,A,A,A,A,A,A,A,A,A,A,A,A,A,A,A,A,A,A,A,B,B,A,A,A,A,A,A,A,A,A,A,A,A,A,A,A,A,A,A,A,A,A,A,A,B,B,B,B,B,A,A,A,A,A,A,B,B,B,A,A,A,A,A,B,B,B,B,B,A,A,A,A,A,A,A,A,B,B,B
59.48385041,B,A,A,A,A,B,B,B,B,B,B,B,B,B,B,B,B,B,A,A,A,A,A,B,B,B,B,B,B,B,B,B,B,B,B,B,B,B,B,B,B,B,B,B,B,B,B,-,B,B,B,A,A,A,A,A,-,A,A,A,A,A,A,A,A,A,A,A,A,A,A,A,A,A,A,A,A,A,A,A,A,A,A,A,A,A,A,B,B,B,B,A,-,A,A,A,A,A,A,A,A,A,B,B,B,B,B,B,B,B,B,B,A,A,A,A,A,A,A,A,A,A,A,A,A,A,A,B,B,B,B,B,A,A,A,A,A,A,A,A,A,A,A,A,A,-,A,A,A,A,A,A,A,A,A,A,B,B,B,B,B,B,A,A,A,A,A,A,A,A,A,A,A,A,A,-,A,-,B,B,B,B,A,A,A,A,A,A,A,A,A,A,A,B,B,B,B,A,A,A,A,A,A,A,B,B,B,B,B,B,A,A,A,A,A,A,A,A,A,A
112.0938923,A,A,A,A,A,A,A,A,B,B,B,B,A,B,B,B,A,B,B,B,B,B,B,B,B,B,B,B,B,B,B,B,B,B,B,B,B,B,B,B,B,B,B,A,A,B,A,B,B,B,B,B,A,A,A,A,A,A,A,A,A,A,A,A,A,B,B,B,B,B,B,B,B,B,B,B,B,B,B,B,B,B,B,B,B,B,B,B,B,B,B,B,B,A,B,B,B,B,B,B,B,B,B,B,B,A,H,A,A,A,A,A,A,A,A,A,A,A,A,A,A,B,B,B,B,B,B,-,B,B,B,B,B,B,B,A,A,A,B,B,B,A,-,A,A,A,A,A,A,A,B,B,B,B,B,B,B,A,A,A,A,A,B,B,B,B,-,B,B,B,B,B,B,B,B,A,A,A,A,A,A,A,A,A,A,A,A,A,A,A,A,-,B,B,B,B,B,B,B,B,B,B,B,B,B,B,B,B,B,B,B,B,B,B,B,B,B,B,-,B
99.88805074,B,B,B,B,B,B,-,B,B,B,B,B,B,B,B,B,B,-,B,B,B,B,B,B,B,-,B,B,B,B,B,B,B,B,B,A,A,A,A,A,A,A,-,B,B,-,B,B,B,A,A,A,B,B,B,B,B,B,B,B,B,B,B,B,B,A,B,B,B,B,B,B,B,B,B,B,B,B,B,B,B,B,B,B,B,B,-,B,B,A,A,A,A,B,B,B,B,-,A,A,B,B,B,B,B,B,A,-,A,A,A,A,A,B,B,B,B,B,B,B,B,B,B,B,-,B,B,B,B,B,-,B,B,A,B,A,A,A,B,B,B,A,A,A,A,A,A,A,A,A,A,A,A,A,A,A,A,A,A,A,A,A,B,B,B,B,B,B,B,B,A,A,A,A,A,A,A,A,A,A,A,A,A,A,A,A,A,B,B,B,H,H,A,A,A,A,A,A,A,A,A,A,A,A,A,A,A,A,A,A,A,A,A,A,A,A,A,A,A,A
72.30967777,A,A,A,B,B,B,B,B,B,B,B,B,B,B,B,B,-,B,B,B,B,B,B,A,B,B,B,B,B,B,B,B,B,B,B,B,B,B,B,B,B,B,B,B,B,B,B,B,B,B,B,B,-,B,B,B,A,A,A,A,A,A,A,A,A,A,B,B,B,B,B,B,B,B,H,H,H,H,A,A,A,B,B,B,B,B,B,A,A,A,A,A,A,A,B,A,A,A,A,A,A,A,A,A,A,A,A,A,A,A,A,A,A,A,A,A,A,A,A,A,B,B,B,B,B,B,B,B,B,B,B,B,B,B,B,A,B,A,A,A,A,A,A,A,A,A,-,A,A,A,A,A,A,A,A,A,A,A,A,A,A,A,A,A,A,A,B,A,-,A,A,A,A,A,A,A,A,A,A,A,A,A,-,A,B,A,A,A,B,B,B,B,B,B,B,H,B,A,A,A,A,A,A,A,A,A,A,A,A,B,A,A,A,A,A,A,A,A,A,A
87.3731057,A,A,A,A,A,A,A,A,A,A,A,B,B,B,B,B,B,B,B,B,B,A,A,A,A,A,A,A,A,A,A,A,A,-,A,A,A,A,A,A,A,A,A,A,A,A,A,A,A,A,A,A,A,A,A,A,A,A,A,A,A,A,A,-,B,B,B,B,B,A,A,A,A,A,A,A,A,A,A,A,H,H,B,B,B,B,B,A,A,A,A,A,A,A,A,A,A,A,A,A,B,B,B,B,A,A,A,A,A,A,A,A,A,A,A,A,A,A,A,A,B,B,B,B,B,B,B,B,B,A,A,A,A,A,A,A,A,A,B,B,B,A,A,B,B,B,B,B,B,B,B,A,A,A,A,A,A,A,A,A,A,A,B,B,B,H,H,H,H,H,H,A,A,A,A,A,A,A,A,B,B,B,B,B,B,B,B,B,B,B,B,A,A,A,A,A,A,A,A,A,A,A,A,A,A,A,A,A,A,B,B,B,B,A,A,A,A,A,A,A
58.19098778,A,A,A,A,A,A,A,A,A,A,A,B,B,B,B,B,B,B,B,B,A,A,A,B,B,B,B,B,B,B,B,B,B,B,B,B,B,B,B,B,B,B,B,B,B,B,B,B,B,B,B,B,B,B,B,B,B,B,B,B,B,A,A,A,A,A,A,A,A,A,A,A,A,A,A,A,A,A,A,A,A,A,A,A,A,A,A,A,A,A,A,A,A,A,A,A,A,-,A,A,A,A,A,A,A,A,A,A,B,B,B,B,B,-,B,B,B,B,B,B,B,B,B,B,B,B,B,B,B,B,A,A,A,B,B,-,B,H,B,B,B,B,B,B,B,B,B,B,B,B,B,B,B,B,B,B,-,B,-,B,B,B,A,A,A,A,A,A,A,A,A,A,-,A,B,-,B,A,A,B,B,B,B,B,B,A,A,A,A,A,-,A,A,A,A,A,A,A,A,A,A,A,A,A,A,A,A,A,A,A,A,A,B,B,A,A,A,A,A,A
89.27844287,B,H,A,A,A,A,A,A,A,A,A,A,A,B,B,B,B,A,A,B,B,B,A,B,B,B,B,A,A,A,A,A,A,A,A,B,B,B,B,B,B,B,B,B,B,B,B,B,B,B,B,B,B,B,B,B,A,A,B,B,B,B,B,B,B,B,B,B,B,A,B,B,B,B,B,-,A,A,A,A,A,A,A,A,A,A,A,B,B,B,B,B,A,A,A,A,A,B,B,B,B,B,A,A,A,A,A,B,B,B,B,B,B,B,B,-,B,B,A,A,A,A,A,A,A,A,A,A,A,A,A,A,A,B,B,A,A,A,A,A,A,A,A,A,A,A,A,A,A,A,A,B,B,B,B,B,B,B,B,B,B,B,A,A,A,A,A,A,A,A,A,A,A,A,A,A,B,A,A,A,A,A,A,A,A,A,A,A,A,A,A,A,A,A,A,A,A,A,A,A,A,A,-,A,A,A,A,A,A,A,B,B,B,B,-,A,A,A,-,B
98.53976986,B,B,A,A,A,A,A,A,A,A,-,A,B,B,A,A,A,A,A,A,A,A,A,B,A,A,H,H,A,A,A,A,A,A,A,A,A,-,A,A,A,A,A,B,B,B,B,B,B,B,B,B,A,A,A,A,A,B,-,A,A,A,A,A,A,B,B,B,B,B,B,B,B,B,B,B,B,B,B,B,B,B,B,-,B,B,B,B,A,A,A,A,A,A,A,A,A,A,B,B,A,B,B,B,A,A,B,B,B,B,B,B,B,B,B,B,B,B,B,B,B,B,B,B,B,B,B,B,B,B,B,B,B,A,A,A,B,B,B,B,B,B,B,B,B,B,B,B,B,B,B,B,B,B,B,B,B,B,-,B,A,A,B,B,B,B,B,B,B,B,B,B,B,B,B,B,B,B,B,B,B,B,B,B,B,B,B,B,B,B,B,B,B,B,B,B,B,B,B,-,B,B,B,B,B,B,B,B,B,B,-,B,B,B,B,B,B,B,B,B
86.62059549,B,B,B,H,H,H,H,H,H,A,A,A,A,A,A,B,-,B,A,A,A,A,A,A,A,A,A,A,A,A,A,A,A,A,A,A,A,A,A,A,A,A,A,A,A,A,B,B,B,B,B,B,B,B,B,B,B,A,A,A,B,B,B,B,B,B,B,B,B,B,B,B,B,B,B,B,B,B,B,B,B,B,B,B,B,B,B,A,B,B,B,B,B,-,B,B,B,B,B,-,B,B,A,A,B,B,B,B,B,B,B,B,B,B,B,B,B,B,B,B,B,B,B,B,A,A,A,A,A,A,A,A,A,B,B,B,B,B,A,A,A,B,B,A,A,A,A,A,A,A,A,A,B,B,B,B,B,B,B,B,B,B,A,A,A,A,-,A,A,A,A,A,A,A,A,A,B,A,A,A,A,-,A,A,A,A,A,B,B,B,B,B,B,B,B,B,B,B,B,B,B,B,B,A,A,A,A,A,A,A,A,-,A,A,A,A,A,A,B,B
131.797698,A,A,A,A,A,A,B,B,B,B,B,B,A,A,A,A,A,A,A,A,A,-,A,B,B,B,B,B,B,B,A,A,A,A,A,A,A,A,A,A,A,A,A,A,A,A,A,A,A,A,A,A,A,A,A,A,A,A,A,A,A,A,A,-,-,A,A,A,A,A,A,A,A,A,A,A,H,H,H,H,H,H,B,B,B,B,B,A,-,H,H,H,H,B,B,-,B,B,B,B,A,A,A,A,A,A,A,A,A,A,A,A,B,B,B,B,B,B,-,B,B,B,B,B,B,B,A,B,B,B,B,-,B,A,A,A,A,A,A,A,A,A,A,A,A,A,A,A,A,A,A,A,A,A,H,H,B,B,B,B,A,A,B,A,A,A,A,A,A,A,A,A,A,A,A,A,A,A,A,A,A,B,B,B,A,A,A,A,A,A,A,A,A,B,B,B,B,A,A,A,A,A,A,A,A,A,B,B,A,A,B,B,B,B,A,A,A,A,A,B
118.337545,A,A,A,A,A,A,A,B,B,A,A,A,A,A,A,A,A,A,A,A,A,A,A,A,A,A,A,A,A,A,A,A,A,A,A,B,B,B,B,B,B,B,B,B,B,B,B,B,B,B,B,B,B,A,A,A,A,A,A,A,A,A,A,A,A,A,A,A,A,A,B,B,B,B,B,B,B,B,B,B,B,B,B,B,B,B,B,B,A,A,A,A,A,A,A,A,A,A,-,A,A,B,A,A,B,A,A,A,A,A,A,A,A,B,B,B,B,B,B,B,B,B,B,B,B,B,B,B,B,A,A,A,A,A,-,A,B,B,B,B,B,A,A,A,A,A,A,A,A,A,A,A,A,A,A,-,A,A,A,A,A,A,B,B,B,B,B,B,B,B,B,B,B,B,B,B,B,B,B,B,B,B,B,B,B,-,B,B,B,B,A,A,-,A,A,B,B,A,A,A,A,A,A,B,B,B,B,B,B,B,A,A,A,A,A,A,A,A,A,A
80.77197786,B,B,B,B,B,B,B,B,B,B,B,B,B,B,B,B,B,B,B,B,B,B,B,A,A,A,A,A,A,A,A,A,A,A,A,A,A,A,A,A,A,A,B,B,B,B,B,A,-,A,A,B,B,B,A,A,A,A,A,A,A,A,H,B,B,A,A,A,A,-,A,A,A,A,A,A,A,A,A,A,A,A,A,A,A,A,A,B,-,A,B,B,A,A,A,A,A,A,A,A,A,A,A,A,B,B,B,B,B,B,B,B,B,B,B,B,B,B,B,B,B,B,B,B,B,B,B,B,B,B,B,-,A,A,A,A,B,B,B,B,B,B,B,B,B,B,B,B,B,B,B,B,B,B,B,B,B,B,B,B,A,A,A,A,-,A,A,A,A,A,A,A,A,A,A,A,A,A,A,B,B,B,B,B,B,B,B,B,H,H,A,A,A,A,A,A,A,B,B,A,A,A,-,A,A,A,A,A,A,B,B,B,B,B,B,B,B,B,B,B
82.27037933,B,B,B,B,B,B,A,A,B,B,-,B,B,B,B,B,B,B,B,B,B,B,B,-,A,-,A,A,A,A,A,A,A,A,A,B,B,B,B,B,B,B,B,B,B,B,B,B,B,B,B,B,B,B,B,B,B,B,B,B,B,B,B,B,-,A,B,B,A,A,A,A,A,A,A,A,A,A,A,A,A,A,-,A,-,A,A,A,A,B,B,B,B,B,B,B,B,B,B,B,B,B,A,A,A,A,A,A,A,A,A,A,A,A,A,A,A,A,A,A,B,B,B,B,B,B,B,B,B,A,B,B,B,-,A,A,A,A,A,A,A,A,A,A,A,A,A,A,A,A,A,A,H,H,H,H,H,A,A,A,B,B,B,B,B,B,B,B,B,B,A,A,A,A,A,A,B,B,B,B,A,A,A,A,A,A,A,A,A,A,A,A,A,A,A,A,A,H,H,B,B,B,B,B,B,B,B,B,B,B,B,B,B,B,B,A,A,B,B,B
53.7637384,A,A,A,A,-,A,-,A,A,A,A,A,A,A,A,A,A,A,A,A,B,B,B,A,A,A,A,A,B,B,B,B,B,A,A,A,A,A,A,A,A,A,A,B,B,B,-,B,B,B,B,B,B,B,B,A,B,B,B,A,A,A,A,A,A,A,B,B,B,B,B,B,B,B,-,B,A,A,A,A,A,A,A,A,A,A,A,A,A,A,A,A,A,B,B,B,B,B,B,B,B,B,B,B,B,A,A,A,A,A,A,A,B,B,B,B,B,B,B,B,B,B,B,B,B,B,B,B,B,B,B,-,A,A,A,B,B,H,B,B,B,B,B,B,B,B,B,B,B,B,B,B,B,B,B,B,A,A,A,A,B,B,H,B,-,B,B,B,B,B,B,A,A,A,A,A,A,-,B,B,B,B,-,B,B,B,B,B,B,B,B,-,B,-,B,B,B,B,B,A,A,A,A,A,A,A,A,A,A,A,A,A,A,A,A,A,A,A,A,A
70.35944575,B,B,B,B,B,B,A,A,A,A,A,A,A,A,A,A,A,A,A,A,A,A,A,A,A,A,A,A,A,A,A,A,A,A,A,A,A,A,A,A,A,A,A,A,A,A,A,A,A,A,A,A,B,B,B,B,B,B,B,-,A,A,A,A,A,A,A,A,A,A,A,A,A,A,A,A,A,A,A,A,A,A,A,A,A,A,A,A,A,B,B,B,B,H,H,B,B,B,A,B,B,B,B,B,-,B,B,A,A,A,B,B,A,A,A,A,-,A,A,A,A,A,A,A,A,B,B,B,B,B,B,B,B,B,B,B,B,B,B,B,B,B,B,B,B,A,A,A,A,-,A,-,A,A,A,A,B,B,B,B,B,B,-,B,B,B,B,B,B,B,B,B,B,B,B,B,B,B,B,B,B,B,B,-,B,B,B,B,B,B,B,B,B,B,B,B,B,A,A,A,A,A,A,A,A,A,-,-,A,A,A,A,A,B,B,B,B,B,A,A
40.12792344,A,A,A,B,A,A,A,A,A,A,A,A,A,A,B,B,B,B,A,A,A,-,A,B,-,B,B,B,-,B,B,B,B,B,B,B,B,B,B,B,B,B,B,B,B,B,B,B,B,B,B,B,B,B,B,B,A,A,A,B,B,A,A,A,B,A,A,A,A,A,A,A,A,A,A,A,A,-,A,A,A,A,A,A,A,A,A,A,A,B,B,B,B,B,B,B,B,B,B,B,B,B,B,-,B,B,B,B,B,B,-,A,A,A,A,A,A,A,A,A,A,A,A,A,A,A,A,A,A,A,B,B,A,A,A,A,A,A,A,A,A,B,B,B,B,B,-,B,B,B,B,B,B,-,B,B,B,B,B,B,B,B,A,A,A,A,A,A,A,A,A,A,A,A,A,A,A,B,B,B,B,B,B,B,B,B,B,B,B,B,A,A,A,A,A,A,A,A,A,A,A,A,A,A,A,A,B,B,B,B,B,B,B,B,B,-,B,B,B,B
89.9565095,B,B,B,B,B,-,B,B,A,A,A,A,A,B,B,B,B,B,B,B,B,A,A,-,B,B,A,A,A,A,A,B,B,B,B,-,B,B,B,B,A,A,A,A,A,A,A,A,A,A,A,A,B,B,B,B,A,A,A,A,A,A,A,A,A,A,A,A,A,A,A,A,A,A,A,A,A,A,A,A,A,A,A,A,A,A,A,A,A,A,A,A,A,A,A,A,A,A,B,B,B,-,B,B,B,B,B,B,B,B,B,B,B,B,B,A,A,A,A,A,A,B,B,B,B,H,H,H,H,H,H,B,A,A,A,A,A,A,A,A,A,A,A,A,A,A,B,B,B,B,B,B,B,-,A,A,A,A,A,A,B,B,-,A,A,A,-,-,A,A,A,B,B,B,B,B,B,B,B,-,B,B,B,B,B,B,B,B,B,B,A,A,A,A,A,A,A,A,A,A,A,A,A,A,A,A,-,A,A,A,A,A,A,B,B,B,B,B,A,A
77.30276941,A,A,A,A,A,A,A,A,A,A,A,A,A,A,A,A,A,A,A,A,A,A,A,B,B,B,B,B,A,A,-,A,A,-,A,B,B,B,B,B,B,B,B,B,B,B,B,B,-,B,B,B,B,B,B,-,B,B,B,B,A,A,A,A,A,B,A,-,A,A,A,A,A,A,A,A,A,A,A,A,A,A,A,A,A,A,-,A,A,A,A,A,A,A,A,A,A,A,A,A,A,A,A,A,A,A,B,B,B,B,B,B,B,B,B,B,B,A,A,B,B,A,A,A,B,B,B,B,B,B,B,B,B,A,A,A,A,A,-,A,A,A,A,A,A,A,A,A,A,A,A,A,A,A,B,B,B,B,B,B,B,B,B,B,B,B,B,B,B,B,B,B,B,B,B,B,B,B,B,B,B,B,B,B,-,A,A,A,A,A,B,B,B,B,B,A,A,A,A,A,A,A,A,A,A,A,A,A,-,A,A,A,A,A,A,A,A,A,B,B
104.5080476,A,A,A,A,A,A,B,B,B,B,B,B,-,B,B,B,B,B,B,B,B,B,H,A,A,A,A,A,A,A,A,A,A,A,A,A,A,A,A,-,A,A,A,A,A,A,A,A,A,A,A,A,A,A,A,A,A,A,A,A,A,A,A,A,A,A,A,A,B,B,B,B,B,B,B,B,B,B,B,B,B,B,B,B,B,B,B,B,B,B,B,B,B,-,B,B,B,B,B,B,B,-,B,B,B,B,B,B,A,A,A,A,A,B,B,B,B,-,B,B,-,B,-,B,B,-,B,B,B,B,B,B,B,A,A,B,A,A,A,A,A,A,A,B,B,-,B,B,B,B,B,B,B,B,B,B,B,B,B,B,B,B,B,B,B,B,B,B,B,B,B,-,B,B,B,B,B,B,-,B,B,B,B,B,B,B,B,B,B,B,B,B,B,B,B,B,B,A,A,A,A,A,A,A,H,H,B,H,H,H,B,B,A,B,B,B,-,A,A,A
90.43699532,A,-,A,A,A,A,A,A,A,A,A,A,A,B,B,B,B,A,A,A,A,B,A,A,B,B,B,B,B,B,B,B,B,B,B,B,B,B,B,B,B,B,B,B,B,B,B,B,B,A,A,A,-,A,A,A,A,A,A,A,A,B,B,B,B,B,B,B,B,B,B,-,B,B,B,B,B,A,B,B,B,A,A,A,A,A,A,B,B,B,B,B,B,A,A,A,A,A,A,A,A,A,A,A,A,A,A,A,B,B,B,B,-,B,-,B,B,B,B,B,B,B,B,B,B,B,B,B,B,A,A,A,A,B,B,B,B,-,B,B,B,B,B,B,B,B,B,B,B,B,B,B,B,B,B,B,A,A,A,A,B,B,B,B,B,B,A,A,A,A,A,A,A,A,B,B,B,B,B,B,B,B,B,B,A,A,A,A,A,A,B,B,B,B,B,B,B,B,B,B,B,B,B,B,B,B,B,B,B,B,B,B,B,B,B,B,B,B,B,B
107.37639,B,B,B,B,B,A,A,A,A,A,A,A,A,A,A,A,A,A,A,B,B,B,B,A,A,A,A,A,A,A,A,A,A,A,A,A,A,A,A,A,A,A,A,A,A,A,A,A,A,A,A,A,A,A,A,A,A,A,A,A,A,A,A,A,A,A,A,A,A,A,A,A,B,B,B,B,B,B,B,B,B,B,B,B,B,-,B,B,B,B,B,B,B,B,B,-,A,A,A,A,A,A,A,A,A,A,A,B,B,B,B,B,B,B,B,B,B,B,B,A,B,B,B,B,B,B,B,B,B,B,B,B,B,B,B,B,-,B,B,B,B,B,A,A,A,A,A,A,A,A,B,A,A,A,A,A,A,A,A,A,H,H,A,A,A,A,A,A,A,A,B,B,B,B,B,B,A,A,A,B,B,B,A,B,B,B,B,H,A,A,A,A,A,A,A,A,A,A,A,-,A,A,A,A,A,A,A,A,A,A,A,A,A,B,B,B,A,A,A,A
86.61673604,A,A,B,B,B,B,B,B,B,B,B,B,B,B,B,B,B,A,A,A,A,-,A,A,A,A,A,A,A,A,A,A,A,A,A,A,A,A,A,A,A,A,A,A,A,A,A,A,A,A,A,A,A,A,A,A,A,A,A,A,A,A,A,A,A,A,A,A,A,A,A,A,A,A,A,A,A,A,A,A,A,A,A,A,A,A,A,H,H,A,A,-,A,A,A,A,A,A,A,A,A,A,B,B,B,B,B,B,B,B,B,B,B,B,B,B,B,A,A,A,A,A,A,A,A,B,B,B,B,B,B,B,B,B,B,B,B,B,B,B,B,B,B,-,B,B,B,B,B,B,B,B,B,B,B,B,B,-,B,B,B,B,B,B,B,B,A,A,A,-,A,A,A,A,A,A,A,A,A,A,A,A,A,A,B,A,A,A,A,A,A,A,A,A,A,A,A,A,A,A,A,A,A,A,A,A,A,A,A,A,A,A,A,A,B,B,B,B,B,B
83.05881625,B,B,B,B,B,B,B,A,A,A,A,A,B,A,A,A,B,B,B,B,B,B,B,A,A,A,-,A,A,A,A,A,A,A,A,A,A,A,A,A,A,A,A,B,B,B,A,A,A,B,B,B,A,A,A,A,A,A,A,A,A,A,A,A,A,A,A,-,A,A,A,A,A,A,A,A,A,A,A,A,A,A,A,A,A,A,A,A,A,A,A,A,A,A,A,A,A,A,A,A,A,A,B,B,B,B,B,B,B,B,B,B,A,A,A,A,A,A,A,A,B,B,B,B,B,B,B,B,B,B,B,B,B,A,B,B,B,B,B,B,B,B,B,A,A,A,A,A,A,A,A,B,B,B,B,-,B,B,B,B,B,B,B,B,B,B,B,B,B,A,A,A,A,A,A,A,A,A,A,A,A,A,A,A,A,A,A,A,A,A,B,B,B,B,B,B,B,A,A,A,A,A,A,A,A,A,A,A,A,A,A,A,A,A,A,A,A,A,A,A
111.6383674,A,A,A,A,A,A,A,A,A,A,A,A,A,A,A,A,A,A,A,-,A,A,A,B,A,A,A,A,A,A,A,A,A,A,A,A,A,B,B,B,A,A,A,A,A,A,A,A,A,A,A,B,B,B,B,B,B,B,B,B,B,B,B,B,B,A,B,B,B,B,A,A,A,A,B,B,B,B,B,B,B,B,B,B,B,B,B,A,A,A,A,A,A,A,-,H,H,-,H,H,H,H,A,A,A,A,A,A,A,A,A,A,A,A,A,A,A,A,-,A,B,B,B,B,B,A,A,B,B,B,A,B,B,B,B,B,B,A,A,A,A,A,A,A,A,A,A,A,A,A,A,B,B,B,B,B,B,B,B,B,B,B,B,B,A,A,A,A,B,B,B,B,B,B,B,B,A,A,A,A,A,B,B,B,-,A,A,A,A,A,A,-,A,B,B,B,B,B,B,B,B,B,B,B,B,B,A,A,A,A,A,A,A,A,-,A,A,A,A,A
100.4432497,A,B,B,B,B,A,A,A,A,A,A,A,A,A,A,A,A,A,A,A,A,A,A,A,A,A,A,A,A,A,A,A,A,B,B,A,A,A,A,A,A,A,A,-,A,A,A,A,A,A,A,A,A,A,A,A,A,-,A,A,A,A,A,A,A,B,A,A,A,A,A,A,A,A,A,B,B,B,B,B,-,B,B,B,B,B,B,B,B,B,B,B,B,B,B,B,B,A,A,A,B,-,-,B,B,B,B,B,B,B,B,B,B,B,-,B,B,B,B,B,B,B,B,B,B,B,B,B,A,A,B,B,B,A,A,A,A,A,A,A,A,A,A,A,A,A,A,A,A,A,A,A,-,A,A,B,B,B,B,B,B,B,B,B,B,B,-,B,B,B,B,B,B,B,B,A,A,A,A,A,A,A,A,A,A,B,B,B,B,B,A,A,A,A,B,B,-,B,B,B,B,B,B,B,B,B,B,B,B,B,B,A,A,A,A,A,A,A,A,A
118.3252098,H,B,B,A,B,B,B,B,B,B,B,A,A,A,A,A,A,B,B,B,B,B,B,H,H,H,H,H,H,H,H,H,H,H,H,B,B,B,B,B,B,B,B,A,A,A,A,A,A,A,A,A,A,A,A,A,A,A,A,A,A,A,A,A,-,A,A,A,A,A,A,A,-,A,A,A,A,A,A,A,A,A,-,A,A,A,A,A,A,A,A,A,A,A,A,A,A,A,A,A,A,A,A,A,-,A,A,A,A,A,A,B,B,B,B,B,B,B,B,B,B,B,B,B,B,B,B,-,B,B,B,B,A,B,B,B,B,B,B,B,B,B,B,B,B,B,B,B,B,B,B,B,B,B,B,B,B,B,B,B,B,B,B,B,B,B,A,A,A,A,A,-,A,-,A,A,A,A,A,B,B,B,B,-,A,A,A,A,A,A,B,B,B,B,B,B,B,A,A,A,A,A,A,A,A,A,A,A,A,A,A,B,B,B,B,B,B,A,A,A
94.3433242,A,A,A,B,B,B,B,B,B,B,B,B,B,-,B,B,B,B,B,B,B,B,B,A,A,A,A,A,A,A,A,A,A,A,A,A,A,A,A,A,A,A,A,A,A,B,B,B,B,B,B,B,-,B,B,B,B,H,H,H,A,A,A,A,A,A,A,A,B,B,B,B,H,H,H,H,H,B,B,B,B,B,A,-,A,A,A,A,A,H,H,B,B,B,B,B,B,B,B,B,B,B,A,B,A,A,A,A,A,A,A,A,B,B,B,A,A,B,B,B,B,B,B,B,B,B,A,A,A,A,A,A,A,A,A,A,-,A,B,B,B,B,B,B,B,-,B,B,B,B,B,B,B,B,B,B,A,A,A,-,B,B,B,B,B,B,B,B,B,A,A,A,A,A,A,A,A,A,A,A,A,A,A,A,A,A,A,A,A,A,H,H,A,A,A,A,A,A,A,B,B,B,B,B,B,B,B,B,B,B,B,B,B,B,B,B,B,B,B,B
74.34208596,A,A,B,A,A,A,H,H,A,A,A,A,-,A,A,A,A,A,A,A,A,A,A,A,A,A,A,A,-,A,A,A,A,A,A,A,A,A,A,A,A,A,A,B,B,A,A,A,A,A,A,A,A,A,A,A,A,B,B,B,B,B,B,A,A,A,A,A,B,-,B,B,B,B,A,A,A,A,A,A,B,B,B,B,B,A,A,A,A,A,A,A,A,A,B,B,B,A,A,A,A,A,A,A,A,A,A,A,B,A,A,A,A,B,B,B,B,B,B,B,B,B,B,B,B,A,A,A,A,A,A,A,B,A,A,A,A,A,A,A,A,A,A,A,A,A,A,A,A,A,-,A,-,A,A,A,A,A,A,A,A,A,A,A,A,A,A,A,A,A,A,A,A,A,A,A,A,A,A,A,-,A,B,B,B,B,B,B,B,B,A,A,A,A,A,A,A,A,A,A,A,A,A,A,A,A,A,A,A,A,A,A,A,A,B,B,B,B,B,B
94.38757403,A,A,A,A,A,A,-,A,B,B,B,B,B,B,B,B,B,B,B,B,B,B,B,B,B,B,B,B,B,B,B,B,B,B,B,B,B,B,B,B,B,B,B,A,A,A,A,A,A,A,A,A,A,A,A,A,A,A,A,A,A,A,A,A,A,A,A,A,A,A,A,A,A,A,A,A,A,A,A,A,A,A,A,A,A,A,A,A,H,B,B,A,A,A,A,A,A,A,A,A,A,A,B,H,A,A,A,A,A,A,A,A,A,A,A,A,A,A,A,A,B,A,A,A,A,A,H,H,-,H,H,H,H,A,A,A,A,A,A,B,B,B,B,B,B,B,B,B,B,B,B,A,A,A,A,A,-,A,A,A,B,B,A,A,A,A,A,A,A,A,A,A,A,A,A,A,B,B,B,A,A,A,B,B,B,A,A,A,A,A,A,A,A,A,A,A,A,A,A,A,B,B,B,B,B,B,B,B,B,A,A,A,A,A,A,A,A,B,B,B
87.22120245,A,A,A,A,A,A,A,B,A,A,A,A,A,A,B,-,B,A,A,A,A,A,A,A,A,A,A,A,A,A,A,A,A,A,A,A,A,A,A,A,A,A,A,A,A,A,A,A,A,A,A,A,A,A,A,A,A,A,A,A,A,A,A,A,A,A,A,A,A,A,A,A,A,A,A,A,A,A,A,A,A,A,A,A,A,A,A,B,B,B,B,B,B,B,B,B,B,B,A,A,A,A,A,A,A,A,B,B,B,B,B,B,A,A,A,A,A,A,A,A,A,A,A,A,A,A,A,A,A,A,A,A,A,A,A,A,A,A,-,A,A,H,H,B,B,B,B,B,A,A,A,-,A,A,A,A,A,A,A,A,A,A,B,B,B,B,B,B,B,B,B,B,B,B,B,B,B,B,B,B,B,A,A,A,A,A,A,A,A,A,B,B,B,B,B,B,B,B,B,B,B,B,B,B,B,A,A,A,A,A,A,A,A,A,B,B,A,-,A,A
106.3628514,B,B,B,B,B,B,B,B,B,-,B,B,A,A,A,A,H,H,B,B,B,B,-,-,B,B,B,B,B,B,B,B,B,B,B,B,B,B,B,B,B,B,B,B,B,B,B,B,B,B,A,B,B,B,B,B,B,B,A,A,A,A,A,A,B,A,B,B,A,A,B,B,B,B,B,A,A,A,A,A,A,A,B,B,B,B,B,B,B,B,B,B,B,B,B,B,B,-,B,B,B,B,A,A,A,A,A,A,A,A,A,A,A,A,A,A,A,A,A,A,B,A,A,A,A,A,A,A,A,A,A,A,A,B,-,B,B,B,A,A,A,B,B,B,A,A,A,A,B,B,B,-,B,B,B,B,B,B,B,B,A,A,B,B,B,B,B,B,B,B,B,B,B,B,B,B,B,B,B,B,B,-,B,B,B,B,B,B,B,B,B,B,B,A,A,A,A,A,A,A,A,A,A,A,A,A,A,A,A,A,A,A,A,A,A,A,A,B,B,B
96.20826191,B,B,B,B,B,B,B,B,B,B,B,B,B,B,B,B,B,B,B,B,B,B,B,B,B,B,B,B,B,B,B,B,B,B,B,A,A,A,A,A,B,B,B,B,B,A,A,A,-,A,A,A,A,A,A,B,A,A,A,A,A,A,A,A,A,B,B,B,B,B,B,B,B,B,B,B,B,B,B,B,B,B,B,B,B,B,B,B,B,B,B,B,A,B,-,B,B,A,A,A,A,A,A,A,A,A,A,A,A,A,A,A,B,B,B,B,B,B,B,B,A,A,A,A,A,A,A,A,A,A,A,A,A,B,A,B,B,B,B,B,B,A,A,A,A,A,A,A,A,A,-,A,A,A,A,A,A,A,A,A,A,A,A,B,B,B,B,B,A,A,A,A,A,A,A,A,A,B,B,B,B,B,A,A,-,A,A,A,A,A,A,A,A,A,A,A,A,A,A,A,A,A,A,A,A,-,A,A,A,A,A,A,A,A,A,A,-,A,A,A
123.7514897,A,A,A,A,A,B,B,B,B,B,B,B,B,-,B,B,B,B,B,B,B,B,B,A,A,A,A,A,A,-,A,A,A,A,A,A,A,A,A,A,B,B,B,B,B,A,A,A,A,A,A,A,A,A,A,B,B,B,B,B,B,B,B,B,B,A,A,A,A,A,A,A,A,A,A,A,A,A,A,A,A,A,A,-,A,A,A,B,A,A,A,-,A,A,A,A,A,A,A,A,A,A,A,A,-,A,A,A,A,A,A,A,A,A,A,A,A,A,A,A,A,A,A,A,A,A,A,A,A,A,A,A,A,A,A,A,A,A,A,A,A,A,A,A,A,A,A,A,A,A,A,A,A,A,A,A,A,A,A,A,A,A,B,B,B,B,B,B,B,B,B,B,B,B,B,B,B,B,B,B,B,B,B,B,B,B,B,-,B,B,B,B,A,A,B,B,B,B,B,B,B,B,B,B,B,B,B,B,B,B,B,-,B,B,B,B,B,B,B,B
84.62956693,A,A,A,A,A,A,A,A,-,A,A,A,A,A,A,A,A,A,A,A,A,A,A,A,A,A,A,A,A,A,A,A,A,A,A,A,A,A,A,A,A,A,B,A,A,A,A,B,B,B,B,B,A,A,A,A,A,A,A,A,A,B,B,B,B,A,A,B,B,B,B,B,B,B,B,B,B,B,B,B,B,B,B,-,B,A,A,A,A,A,A,A,A,A,A,A,A,A,A,A,A,B,A,A,A,A,B,B,B,B,B,B,B,A,A,A,A,A,A,A,A,A,A,A,-,A,A,A,A,A,A,A,A,-,-,A,A,A,A,A,A,A,A,A,A,A,A,A,A,A,A,A,A,A,A,A,A,A,B,B,A,-,B,B,B,B,B,B,B,B,B,B,B,B,B,B,B,-,B,B,B,B,B,B,B,B,B,B,B,B,-,A,A,-,A,A,A,B,B,B,B,B,B,B,B,B,B,B,A,A,A,A,A,A,A,A,A,-,A,A
72.89573312,A,A,A,A,A,A,A,A,A,A,A,A,A,A,A,A,A,A,A,A,A,A,A,B,B,B,B,B,B,B,B,B,B,B,B,B,-,B,B,B,B,B,B,H,H,H,H,H,H,B,B,B,B,B,B,B,-,B,B,B,-,B,B,B,B,A,A,A,A,A,A,A,A,A,A,A,A,A,A,A,A,A,A,A,A,A,A,A,A,A,A,-,A,A,A,A,A,A,B,B,A,A,A,A,A,A,A,A,A,A,A,A,A,A,A,A,A,A,A,A,A,A,A,A,A,A,A,A,A,A,A,A,A,B,B,A,B,B,B,B,B,B,B,B,B,B,B,B,B,A,A,A,A,A,A,A,A,A,A,A,B,B,A,A,A,A,A,A,A,A,A,A,A,A,A,A,-,A,A,A,A,A,A,A,A,A,A,A,A,A,A,A,A,A,B,B,B,B,B,B,B,B,B,B,B,B,B,B,B,B,B,B,B,B,B,B,B,B,A,A
124.7952476,A,A,A,B,B,B,B,B,B,B,B,B,B,B,B,B,B,B,B,B,B,B,B,A,H,H,H,B,B,B,B,B,A,A,A,A,A,A,A,A,A,A,A,A,A,A,A,A,A,A,A,A,A,A,A,A,A,B,B,B,B,A,B,B,A,A,B,B,B,B,B,B,B,B,B,B,B,B,B,B,B,B,B,B,B,A,A,A,A,A,A,A,A,A,A,A,A,A,-,A,A,A,A,A,A,A,A,A,A,A,A,A,A,A,A,A,A,A,A,A,B,B,B,B,B,B,B,B,B,B,B,B,B,B,B,B,B,B,B,B,B,B,B,B,B,B,B,B,B,B,B,B,B,B,B,B,B,B,-,B,B,B,A,A,B,B,B,B,B,B,B,B,B,B,B,B,B,B,B,B,B,B,B,B,B,B,B,B,B,B,B,B,B,B,A,A,A,B,B,B,B,B,B,B,B,B,A,A,A,B,B,B,B,B,B,B,B,B,B,B
84.12934563,A,A,A,A,A,A,A,A,A,A,A,A,A,A,A,A,A,A,A,A,A,A,A,B,A,A,A,B,B,B,B,B,B,B,B,B,-,B,B,B,B,B,B,B,B,B,B,B,B,B,B,B,B,B,B,B,B,B,B,B,B,B,B,B,B,A,A,A,A,A,A,A,A,A,A,A,A,A,A,A,B,B,B,B,B,B,B,B,B,B,B,B,B,B,B,B,B,A,A,A,A,A,B,B,A,A,A,A,A,A,A,B,B,-,B,B,B,B,B,B,B,B,B,B,B,B,B,A,A,A,A,-,A,B,-,A,A,A,A,A,B,B,B,B,B,B,A,A,B,B,B,B,B,-,B,B,B,B,A,A,A,A,B,-,A,A,A,A,A,B,B,B,B,B,B,B,B,B,B,A,A,A,B,B,B,A,A,A,A,A,B,B,B,B,B,B,B,B,B,A,A,A,A,A,A,A,A,A,A,A,A,A,A,A,A,A,A,-,B,B
54.7402748,B,B,B,B,B,B,B,B,B,B,B,B,B,B,B,B,B,B,A,B,B,B,B,B,H,H,H,H,H,H,A,A,A,A,B,B,B,B,B,B,B,B,A,B,B,A,A,A,A,A,A,B,B,B,B,B,A,A,A,A,B,B,B,B,B,A,B,B,B,A,A,A,A,A,A,A,A,A,A,A,A,A,A,A,A,A,A,A,B,B,B,B,B,A,A,A,A,B,B,B,H,B,A,A,A,A,A,A,A,A,A,A,A,A,A,A,A,A,A,A,A,A,A,A,A,A,A,A,A,A,A,A,A,B,B,B,B,B,B,B,B,B,B,B,B,B,B,B,B,B,B,B,A,A,B,B,B,B,B,B,A,A,-,A,A,A,A,A,A,A,A,A,A,A,A,A,A,A,A,A,A,A,A,A,A,A,A,A,A,A,B,B,B,B,B,B,B,A,A,A,A,A,A,A,A,A,B,B,B,A,A,A,A,A,A,A,A,A,A,A
136.7468531,A,A,A,A,A,A,A,A,B,A,A,A,A,A,A,A,A,A,B,A,A,A,A,A,A,A,-,A,A,A,A,A,A,A,A,A,A,A,B,B,B,B,B,-,A,A,B,B,B,B,B,B,A,A,A,A,A,A,B,B,B,B,B,B,A,B,B,B,B,B,B,B,B,B,B,B,B,B,B,B,B,B,B,B,B,B,B,B,B,B,B,B,B,B,B,B,B,B,-,B,B,B,B,B,B,B,B,B,B,B,B,B,A,A,A,A,H,H,H,H,H,H,H,B,A,A,A,A,B,B,B,B,B,B,B,B,B,B,B,B,B,B,B,B,B,B,B,B,B,B,A,A,A,A,A,A,A,A,A,A,B,B,B,B,B,B,B,B,B,B,B,B,B,B,A,A,A,A,A,A,A,A,A,A,H,B,B,B,B,-,A,B,B,A,A,A,A,A,A,A,A,A,A,A,A,A,A,A,A,A,A,A,A,A,A,A,A,B,B,A
52.66794879,A,A,A,A,A,A,A,A,A,A,B,B,B,B,B,B,B,B,A,A,-,A,A,B,B,B,B,B,B,B,B,B,B,B,B,B,B,B,B,B,B,B,B,B,B,B,B,B,B,B,B,B,B,B,B,B,-,B,B,B,B,B,B,B,B,B,A,A,A,A,A,A,A,A,A,A,B,B,A,A,A,-,A,A,A,A,A,A,A,B,B,B,B,B,B,B,B,B,B,B,B,B,B,B,B,B,B,B,B,B,B,B,A,A,A,A,A,A,A,A,A,A,A,A,A,A,A,A,A,A,A,A,A,B,B,B,B,B,B,B,B,B,B,B,B,B,B,B,B,-,B,B,B,B,B,B,B,B,B,B,B,B,B,B,B,B,B,B,B,B,B,B,B,B,B,B,B,B,B,B,B,B,B,B,B,B,B,B,B,B,A,A,A,A,A,A,A,A,A,A,A,A,A,A,A,A,A,A,A,A,A,A,A,A,A,A,A,A,A,A
86.81297933,A,A,A,A,A,A,A,A,B,B,B,-,B,B,B,B,B,B,A,A,A,A,A,H,H,H,H,H,H,H,H,H,H,H,H,B,B,B,B,B,B,B,B,B,B,B,B,B,B,B,B,B,B,B,B,B,A,A,A,A,A,B,B,-,B,A,B,A,B,B,B,B,B,A,A,A,A,A,A,-,A,A,A,A,A,A,A,A,A,A,A,A,A,A,A,A,A,A,A,A,A,A,A,A,A,A,A,A,A,A,A,A,B,B,B,B,A,A,A,B,A,A,A,A,A,A,A,A,A,A,A,B,B,A,B,B,B,B,B,B,-,B,B,B,A,B,B,B,B,B,B,B,B,B,B,B,A,A,A,A,B,B,A,A,A,A,A,A,A,A,A,A,A,A,A,A,A,B,B,B,B,B,B,B,B,B,B,B,B,B,B,B,B,B,B,B,B,A,A,A,A,A,A,A,A,A,A,A,A,A,A,B,B,B,B,B,A,A,A,A
105.643095,A,B,B,B,B,B,B,B,-,B,B,B,B,B,B,B,A,A,A,A,A,A,-,A,A,A,A,A,A,A,A,A,A,-,A,A,A,A,A,A,A,A,A,B,B,B,B,B,B,B,B,B,B,B,B,B,B,B,B,B,B,B,B,B,B,B,B,B,B,B,B,B,B,B,B,B,B,B,B,B,B,-,B,B,B,B,A,B,B,B,B,B,B,-,B,B,B,B,A,A,A,A,B,B,B,-,A,A,A,A,A,A,A,A,A,A,A,A,A,A,B,B,B,B,A,B,B,B,B,B,B,B,B,A,-,B,B,B,B,B,B,B,B,B,B,B,B,A,A,B,B,B,B,B,-,B,B,B,B,B,A,A,B,B,A,-,A,A,B,B,B,B,-,B,B,B,B,B,B,B,B,B,B,B,B,B,B,B,B,B,B,B,B,B,B,B,B,B,B,B,-,B,B,B,B,B,B,B,B,B,B,B,B,B,B,B,B,B,B,B
63.37935344,B,B,B,B,B,B,B,B,B,B,B,B,B,B,B,B,B,B,B,B,B,B,B,A,A,A,A,A,A,A,A,A,A,A,A,B,-,B,B,B,B,B,B,B,B,B,B,B,B,-,B,B,B,B,B,B,B,B,A,A,A,-,A,A,A,A,A,A,A,A,A,A,A,H,H,-,B,B,B,B,B,B,B,B,B,B,B,B,B,B,B,B,B,B,B,B,B,B,B,B,B,B,A,A,A,A,A,A,A,A,A,A,A,A,A,A,A,A,A,A,A,A,A,A,A,A,A,A,A,A,A,A,A,A,A,A,B,B,B,B,B,B,B,B,B,B,B,B,B,B,B,B,B,B,A,A,B,B,A,A,B,B,A,A,A,A,-,A,A,A,A,A,A,A,A,B,B,A,A,A,A,A,A,A,A,B,B,B,B,B,A,A,B,B,B,B,B,A,A,A,A,A,B,B,B,B,B,B,B,B,B,B,B,B,B,B,B,B,B,B
106.2176092,A,A,A,A,A,A,A,A,A,B,B,-,B,B,B,B,B,B,B,B,B,B,B,A,A,A,A,A,-,A,A,A,A,A,H,H,B,B,B,B,B,B,B,B,B,B,B,B,B,B,B,B,B,B,B,B,B,B,B,B,B,B,B,B,B,A,A,A,A,A,A,A,A,B,B,B,B,B,B,B,B,B,B,B,B,B,B,B,B,-,B,B,B,B,B,B,B,B,B,B,A,A,A,A,A,A,A,A,A,A,A,A,A,B,B,B,B,B,B,B,B,B,B,B,B,B,B,-,B,-,B,B,B,B,B,B,B,B,B,B,B,B,B,B,B,B,B,B,B,B,B,B,B,B,B,B,B,B,B,B,B,B,B,B,B,B,B,B,B,B,B,B,B,B,B,B,B,B,B,B,B,B,B,B,B,B,B,B,B,B,B,A,A,A,A,A,A,B,B,B,B,B,B,B,B,B,B,B,A,A,A,A,A,A,A,A,A,A,A,A
120.0774453,B,B,B,B,B,B,A,A,A,A,A,A,A,A,A,A,A,A,A,A,A,A,A,A,B,B,B,A,A,A,A,A,A,A,A,B,B,A,A,A,A,A,A,A,A,A,A,A,A,A,A,A,A,A,A,A,-,A,B,B,A,A,A,A,A,B,B,B,B,B,B,B,B,B,B,B,B,B,B,B,B,B,B,B,B,B,B,A,A,B,B,B,B,B,B,B,B,B,B,B,A,A,B,B,B,B,B,B,B,B,B,B,B,B,B,B,B,B,B,B,B,B,B,B,-,B,B,A,A,A,A,H,H,B,B,B,B,B,B,B,B,B,B,B,B,B,A,A,A,A,A,A,A,A,A,A,A,A,A,A,B,B,A,A,A,A,B,B,B,B,B,B,B,B,B,B,B,A,A,A,A,A,A,A,A,A,A,A,A,A,A,A,A,A,A,A,A,A,A,A,A,A,A,A,A,A,A,A,A,A,A,B,B,B,B,B,B,B,B,B
95.53082531,A,A,A,B,B,B,B,B,B,B,A,A,B,-,B,B,B,B,-,B,-,B,H,A,A,A,A,A,A,A,A,A,B,B,B,B,B,B,B,B,B,B,B,B,B,B,B,B,B,B,B,-,B,B,B,B,B,B,B,B,B,B,B,-,A,B,B,B,B,B,B,B,B,B,B,B,B,B,B,B,B,A,H,H,H,H,H,A,H,-,B,B,B,B,B,B,B,B,A,A,A,A,A,A,-,A,A,A,A,A,A,A,A,A,A,A,A,A,A,A,A,A,A,B,A,A,A,A,A,A,A,A,A,B,B,B,A,A,A,A,A,A,A,A,A,A,A,-,A,A,A,A,A,A,A,H,H,A,A,A,H,H,B,B,B,B,B,B,B,H,H,H,B,B,B,B,B,B,B,B,B,B,B,B,B,B,-,B,B,B,A,A,A,A,A,A,A,-,A,A,A,A,A,A,A,A,A,A,A,B,B,B,B,B,A,A,A,A,B,B
65.8429536,B,-,B,B,B,B,B,B,B,B,A,A,A,A,A,A,A,A,A,A,A,A,B,A,A,A,A,A,A,A,A,A,A,A,A,A,A,A,A,A,A,A,A,A,A,A,A,A,A,A,A,A,A,-,A,A,A,A,A,A,A,A,A,A,A,A,A,A,A,A,A,A,A,A,A,A,A,A,A,A,A,A,A,A,A,B,B,A,A,A,A,A,A,A,A,A,A,-,A,A,A,A,A,A,A,A,B,B,B,B,B,B,B,B,B,B,-,A,A,A,B,A,A,A,A,A,A,A,A,A,B,B,B,B,B,B,B,B,B,B,B,B,B,B,B,B,A,A,-,A,A,A,A,A,A,A,B,B,B,B,B,B,B,-,B,B,B,B,B,B,-,B,B,B,B,B,B,B,B,B,B,B,B,B,B,A,A,A,A,A,B,B,B,B,B,B,B,B,B,B,B,B,B,B,B,-,A,A,A,B,B,B,B,-,-,B,B,A,B,B
75.99022104,B,B,B,B,A,B,B,B,A,A,A,A,A,A,A,A,A,A,A,A,A,-,A,B,B,B,B,B,B,-,B,B,B,B,B,B,B,B,B,B,A,A,A,A,A,A,B,B,B,B,B,B,B,B,A,A,A,A,A,A,A,A,A,A,A,A,A,B,B,-,B,B,B,B,B,B,B,B,A,A,B,B,B,B,B,B,B,B,B,B,B,B,B,A,B,B,B,B,B,B,B,B,A,A,A,A,A,B,B,B,B,B,B,B,B,B,B,B,B,B,B,B,B,B,B,A,A,A,A,A,A,A,A,B,B,B,B,B,B,B,B,B,B,B,B,A,A,A,A,A,A,A,A,A,A,A,A,A,A,A,A,A,A,A,A,A,A,A,B,B,B,B,B,B,B,B,B,B,B,A,A,A,A,A,A,A,A,A,A,-,B,B,B,A,A,A,A,B,B,A,A,A,A,B,B,B,B,B,B,B,B,B,B,B,B,B,B,B,A,A
96.53311917,B,B,B,B,B,B,B,B,B,A,A,B,B,B,B,B,B,B,A,A,A,A,A,A,A,A,A,A,A,A,A,A,A,A,A,A,A,A,A,A,A,A,A,A,A,A,A,A,A,A,A,A,A,A,A,A,A,A,A,A,A,A,A,A,A,A,A,A,A,A,A,A,A,A,A,A,B,B,B,B,B,A,A,A,A,A,A,A,A,A,A,A,A,A,A,B,B,A,A,A,A,-,A,A,B,B,B,B,B,B,B,B,B,B,B,B,B,B,B,B,A,A,A,A,A,B,B,B,B,B,B,B,B,A,B,B,B,B,B,B,B,B,B,A,A,A,A,A,A,A,A,A,A,A,A,A,A,A,A,A,B,B,-,A,A,A,A,A,A,A,A,A,A,A,A,A,A,A,A,A,A,A,A,A,A,B,B,B,B,A,A,A,A,A,A,A,A,A,A,A,A,A,A,A,A,A,A,A,A,A,A,A,B,B,B,B,B,B,B,B
95.9213966,B,B,-,B,B,B,B,B,B,B,B,B,B,B,B,A,A,A,A,A,A,A,A,H,A,A,A,A,B,B,B,B,B,B,B,B,A,A,A,A,A,A,A,A,A,A,A,A,A,A,A,-,A,B,B,B,A,A,A,A,H,H,A,A,A,B,B,B,B,B,B,B,B,B,B,B,B,B,B,B,B,B,B,B,B,B,B,B,B,B,B,B,B,B,B,B,B,B,B,B,B,B,B,B,A,A,A,A,A,A,A,A,A,A,A,A,A,A,H,A,A,A,A,A,A,A,A,A,A,A,A,A,B,A,A,A,A,A,A,A,A,A,A,A,A,A,A,A,B,-,A,A,B,B,B,B,B,B,B,B,B,B,B,B,B,B,B,-,B,B,B,B,B,B,B,B,B,B,B,B,B,B,B,B,A,A,-,A,A,A,B,A,A,A,A,A,A,A,A,A,A,A,A,B,B,B,B,B,B,B,A,A,A,-,A,A,A,A,A,A
137.7310901,B,B,B,B,B,B,B,B,B,A,A,A,A,B,B,B,B,B,-,B,B,B,B,A,A,A,A,A,A,A,A,B,B,A,A,A,A,A,A,A,A,A,A,A,A,A,A,A,A,A,A,-,A,A,A,A,B,B,B,B,A,A,A,A,A,B,B,A,A,A,A,A,A,-,A,A,A,A,A,A,A,A,A,A,A,A,A,A,A,A,A,A,A,A,A,A,A,A,A,A,A,A,A,A,A,A,A,A,A,A,A,A,B,B,B,B,B,B,B,B,B,-,B,B,B,B,B,B,B,B,B,B,B,B,B,B,A,A,A,A,A,A,A,A,A,A,A,-,A,A,A,A,A,A,A,A,A,A,A,A,A,A,A,A,A,A,A,A,A,A,-,A,A,A,A,A,A,B,B,A,A,-,A,A,A,A,A,B,B,B,A,A,A,A,A,A,A,A,A,A,A,A,A,A,A,A,-,A,A,A,A,A,A,A,A,A,A,A,A,A
82.42640971,B,B,B,B,B,B,B,B,B,B,B,B,A,A,A,A,-,A,A,A,A,A,B,A,A,A,A,B,B,B,B,B,B,A,A,A,A,A,A,A,A,A,A,A,A,-,A,A,A,A,A,A,A,A,A,A,B,B,B,B,B,B,B,B,B,B,B,B,A,A,A,A,A,A,-,A,A,A,B,B,B,B,B,B,B,B,B,B,B,A,A,A,B,B,B,B,B,B,-,B,B,B,B,B,A,A,B,B,B,B,B,B,B,B,B,B,B,B,B,B,B,B,B,A,A,A,A,B,B,B,B,B,B,A,A,A,A,A,A,A,-,A,A,A,A,A,A,A,A,A,A,A,A,A,A,A,A,A,A,B,B,B,-,B,B,B,B,B,B,B,B,B,B,B,B,B,B,B,B,B,B,B,B,B,B,A,A,A,A,A,A,A,A,A,B,B,B,B,B,B,B,B,B,B,B,B,-,A,A,B,-,B,B,B,B,B,B,A,A,A
117.3331832,A,A,A,A,A,A,A,A,A,A,A,A,B,B,B,B,B,B,B,A,A,B,B,A,A,A,A,A,A,A,A,A,A,A,A,A,A,A,A,A,A,A,A,A,A,A,A,A,A,A,A,A,A,A,A,A,A,-,A,A,A,A,A,-,A,A,A,A,A,A,-,A,A,A,A,A,A,A,B,B,B,B,B,B,B,B,B,B,B,A,A,A,A,A,A,A,A,B,B,B,B,A,B,B,B,B,H,A,A,A,A,A,A,A,B,B,A,A,A,A,A,A,A,A,A,A,A,A,A,A,A,A,A,B,B,B,H,H,B,B,B,B,B,B,B,B,B,B,B,B,B,B,B,B,B,B,-,B,B,B,A,A,B,B,B,B,B,-,B,B,B,A,A,A,A,A,A,A,A,B,B,B,B,-,-,B,B,B,B,B,A,A,A,B,B,B,B,B,B,A,A,A,A,A,A,A,A,B,B,B,B,B,A,A,A,A,A,A,A,A
92.37580246,A,A,A,A,A,A,A,A,A,A,A,B,A,A,A,A,A,A,A,A,A,A,A,B,B,B,B,B,B,B,B,B,B,B,B,B,B,B,B,B,B,B,A,A,A,A,-,A,A,A,A,A,A,A,A,A,B,B,B,B,B,B,B,B,B,A,A,A,B,B,B,B,B,B,B,B,B,B,B,B,B,B,B,-,B,B,B,B,B,B,B,B,B,A,A,A,A,A,A,A,A,A,B,B,B,B,A,A,A,A,A,A,A,A,A,A,A,A,A,A,-,A,A,A,A,A,A,A,A,A,A,B,B,A,A,A,A,A,A,A,A,A,A,A,A,A,A,A,A,A,A,A,A,A,A,A,A,H,A,B,B,B,B,B,B,B,B,B,B,B,B,B,B,B,B,B,B,B,B,B,B,B,B,B,B,B,B,B,B,B,A,A,A,A,A,A,A,H,A,A,B,B,B,B,B,B,A,A,B,B,B,B,B,B,B,B,B,B,B,B
75.65430033,A,A,A,A,A,A,A,A,A,A,A,A,A,A,A,A,A,A,A,A,A,A,A,B,B,B,B,B,B,B,B,B,B,A,B,B,B,B,B,B,B,B,B,B,B,B,B,B,B,B,B,B,B,B,B,B,B,-,B,B,B,B,B,B,B,A,A,A,A,A,A,A,A,A,A,A,A,A,A,A,A,-,B,B,B,B,A,A,A,A,A,A,A,A,A,A,A,A,B,B,B,B,B,B,B,B,B,B,B,B,B,B,B,A,A,A,A,A,A,A,A,A,A,A,A,A,A,A,A,A,A,B,A,B,B,B,B,B,B,B,B,B,B,B,B,B,B,B,B,B,B,B,B,B,B,B,-,B,B,B,A,A,B,A,A,A,A,A,A,A,B,B,B,B,B,B,B,A,A,A,A,A,A,A,A,A,A,A,A,A,A,A,A,A,A,A,A,A,A,-,A,A,A,A,A,A,A,A,A,A,A,B,B,B,B,B,B,B,A,A
84.65362376,A,A,B,B,B,B,A,A,A,A,A,A,A,A,A,A,A,A,A,A,B,B,B,B,A,A,A,A,A,A,A,A,A,A,A,A,A,A,A,A,B,B,B,A,A,B,B,B,B,B,-,B,B,B,B,B,-,B,B,B,B,B,B,B,B,B,A,A,-,A,A,A,A,A,A,A,A,A,A,A,A,B,B,B,B,A,A,B,B,B,B,B,B,B,B,-,A,A,A,A,A,A,A,A,A,A,A,A,A,A,B,B,B,A,A,A,A,A,A,A,A,A,A,A,A,A,A,A,A,A,A,A,A,B,B,B,B,B,B,A,A,A,A,A,B,B,B,B,B,B,B,B,B,B,B,B,B,B,B,B,B,B,A,A,A,A,A,A,A,A,A,A,A,A,A,A,A,A,A,A,-,A,A,A,B,A,A,A,A,-,B,B,B,B,B,B,B,B,B,B,B,B,-,B,B,B,B,B,B,B,A,A,A,A,A,A,A,-,A,A
123.1267024,A,A,A,B,B,B,B,B,B,B,B,B,A,A,A,A,A,A,A,A,A,A,A,A,A,A,A,A,A,A,A,A,-,A,H,A,A,A,A,A,A,A,A,A,A,A,A,A,A,A,A,A,B,B,B,B,B,B,B,A,A,A,A,A,B,A,A,A,A,A,B,B,B,B,B,B,B,B,B,B,B,B,B,B,B,B,B,B,A,B,B,B,B,B,A,A,A,A,A,A,A,A,A,A,A,A,A,A,A,A,A,A,A,A,A,-,A,B,B,A,B,A,A,A,A,A,A,A,A,A,A,A,-,A,A,A,A,A,A,A,A,A,A,A,A,A,A,A,A,A,A,A,A,A,A,A,B,A,A,A,B,B,A,A,A,A,A,A,A,A,A,A,A,A,A,A,A,B,B,B,B,B,B,B,B,B,B,B,B,B,A,A,A,A,A,A,A,B,B,B,B,B,B,B,B,B,B,B,A,A,B,-,B,B,B,B,B,B,B,B
106.7440013,B,B,B,B,B,B,B,B,B,B,B,B,B,B,B,B,B,B,B,B,B,B,B,A,A,A,A,A,A,A,A,A,A,A,A,A,A,A,A,A,A,A,A,A,A,A,A,-,A,A,A,A,A,A,A,A,A,A,A,A,A,A,A,A,B,B,-,A,A,A,A,A,-,A,A,A,A,A,A,A,A,A,A,A,A,B,B,B,B,A,A,A,A,A,A,A,A,A,A,A,B,B,A,A,A,A,B,A,A,A,A,A,B,B,B,B,B,B,B,B,B,B,B,B,B,B,B,B,B,B,B,A,A,B,B,B,B,B,B,B,B,B,B,B,B,B,B,B,B,B,B,B,A,A,A,B,B,B,B,B,A,A,A,A,A,A,A,A,A,A,A,A,A,B,B,B,B,B,B,B,B,B,B,B,B,-,B,B,B,B,B,B,B,B,B,B,B,B,B,B,B,B,A,A,-,-,A,A,A,A,A,A,A,A,A,A,A,A,A,A
89.37167198,A,A,A,A,A,A,A,A,A,-,A,B,B,B,A,A,A,A,A,A,A,A,B,A,A,A,H,H,H,H,H,H,H,H,H,A,A,B,B,B,B,B,B,B,B,B,B,B,B,B,B,B,-,B,B,B,B,B,B,B,B,B,-,B,B,A,A,A,A,A,A,A,A,A,A,A,B,B,B,-,B,B,B,B,B,-,B,B,B,B,B,B,B,B,B,B,B,B,B,B,B,B,B,B,B,B,B,B,B,B,B,-,-,B,B,B,B,B,B,B,-,B,B,B,B,B,B,B,B,B,B,B,B,B,B,B,B,B,A,A,A,A,B,B,B,B,B,B,B,B,B,B,B,B,B,B,B,B,B,B,B,B,A,A,A,A,A,A,A,A,-,B,B,B,B,B,B,B,B,B,B,B,B,B,A,A,A,A,B,B,B,B,B,A,A,A,A,A,A,A,-,B,B,B,B,B,B,B,B,B,B,A,A,A,A,A,A,A,A,A
77.80318186,B,B,B,-,A,A,B,B,A,A,A,A,A,A,A,A,-,B,A,B,B,B,A,B,A,A,-,A,A,A,A,A,A,B,B,B,B,B,B,B,B,B,-,B,B,A,-,A,A,A,A,A,A,A,A,A,A,A,B,A,A,A,A,A,A,A,A,-,A,A,A,A,A,A,A,A,A,A,A,A,A,A,A,A,A,A,A,A,A,A,A,A,A,A,A,A,A,A,A,A,A,B,B,B,B,B,B,B,B,B,B,B,A,A,A,A,A,A,A,A,A,A,A,A,A,A,A,A,A,A,A,A,A,A,A,A,A,A,B,B,B,B,B,B,B,B,B,B,A,A,A,A,B,B,B,B,B,B,B,B,B,A,B,B,B,B,B,B,B,B,B,B,B,B,A,A,A,A,A,A,A,A,A,A,A,B,B,B,B,B,A,A,A,A,A,A,A,A,A,A,A,A,A,A,A,A,A,A,A,A,A,A,A,A,A,A,A,B,A,A
75.07763265,A,-,A,A,A,A,B,B,B,B,B,A,A,A,A,A,A,A,A,A,A,A,A,A,A,A,A,A,A,A,A,A,A,A,A,A,A,A,A,A,A,-,-,A,A,A,A,A,A,B,B,B,B,B,B,B,B,-,B,B,A,A,A,A,A,A,A,A,A,A,A,A,A,A,B,B,B,B,B,B,B,B,B,B,B,B,B,B,B,A,A,A,A,B,B,B,B,B,B,B,A,A,B,B,A,A,A,A,A,A,A,A,A,A,A,A,A,A,A,A,A,A,A,A,A,B,B,B,B,B,B,B,-,A,A,A,A,A,A,A,A,A,A,A,A,A,A,A,A,A,A,A,B,B,B,B,A,B,B,B,B,B,A,A,A,-,A,A,A,A,A,A,A,A,A,A,A,A,A,B,B,B,B,B,B,B,B,B,B,B,B,B,B,B,B,B,B,B,B,A,-,A,A,A,-,A,A,A,A,A,B,B,B,B,B,B,B,A,A,A
97.05335326,B,B,B,A,A,A,A,A,A,-,A,B,B,B,B,B,B,B,B,B,B,B,B,A,A,A,A,A,A,A,A,-,A,A,A,A,B,B,B,B,B,B,A,A,A,A,A,A,A,A,A,A,A,A,A,A,A,A,A,A,A,A,A,A,A,B,B,B,A,A,A,A,A,A,-,A,A,A,A,A,A,-,A,-,A,A,A,B,B,B,B,B,B,A,A,A,A,A,A,B,B,B,B,B,B,B,B,B,B,B,B,B,B,B,B,B,B,A,A,A,A,A,A,A,A,B,B,B,B,B,B,B,A,B,B,B,B,B,B,B,B,B,B,B,B,B,B,B,B,B,B,B,B,B,B,B,B,B,B,B,B,B,A,A,A,A,A,A,A,B,B,B,B,B,B,B,B,B,B,B,B,B,B,B,A,H,B,B,B,B,H,B,B,B,B,B,B,B,B,B,B,B,B,B,B,B,B,B,B,B,B,B,B,B,B,B,B,A,B,B
89.35392309,A,A,A,A,A,A,A,A,B,B,B,B,B,B,B,B,B,B,B,B,-,B,B,A,A,A,A,A,A,A,A,A,A,A,A,A,A,A,A,A,A,A,A,B,B,B,B,B,B,B,B,B,B,B,B,B,B,B,B,A,B,B,B,B,B,B,B,B,B,B,B,B,B,B,B,B,B,B,B,B,B,B,-,B,B,B,B,B,B,A,A,A,A,B,B,B,B,B,A,A,A,-,-,B,B,B,B,B,B,B,B,B,B,B,B,B,B,B,B,B,B,B,B,B,B,B,B,B,B,B,B,B,A,A,A,B,B,B,B,B,B,A,A,A,-,A,A,A,A,B,B,B,B,B,B,B,B,B,B,B,B,B,A,A,A,-,A,A,A,A,H,H,H,H,A,A,A,A,A,B,B,B,B,B,B,B,B,B,B,B,B,B,B,B,A,A,A,B,B,B,B,B,B,-,B,B,B,B,B,B,B,B,B,B,B,B,B,-,B,B
85.7720245,A,A,A,A,A,A,A,A,A,A,A,-,A,A,A,A,A,A,A,A,A,A,A,B,B,B,B,B,B,-,B,B,B,B,B,A,A,A,A,-,A,A,-,H,H,H,H,A,A,A,A,A,A,A,A,A,A,A,B,B,A,A,A,A,A,B,A,A,A,A,B,B,B,B,-,B,B,B,B,B,B,B,B,B,B,B,B,B,B,B,B,B,B,B,B,B,B,B,B,B,B,B,B,-,B,-,B,B,B,B,B,B,B,B,B,B,B,A,A,A,A,A,A,A,A,-,A,A,A,A,A,A,A,B,B,B,B,B,B,B,B,B,B,B,B,B,B,-,B,B,B,B,B,B,B,-,B,B,B,B,-,A,A,A,A,A,A,A,A,A,B,A,A,A,A,A,A,A,A,B,-,B,B,B,A,A,A,B,B,B,A,A,A,A,A,A,-,A,A,A,A,A,A,A,A,A,A,A,A,A,B,A,A,A,A,A,A,A,A,A
86.79651704,B,B,B,B,B,B,B,B,B,B,B,B,B,B,B,-,B,B,A,A,A,A,A,B,A,A,A,A,A,A,A,A,A,A,B,B,B,B,B,B,B,B,B,B,B,-,B,B,B,B,B,B,B,B,B,B,B,B,B,A,A,B,B,B,B,A,A,A,A,A,A,A,A,A,A,A,A,A,A,A,A,A,A,A,A,A,A,A,B,B,B,B,B,B,B,B,B,B,B,B,B,B,B,B,B,A,A,A,A,A,A,A,A,A,B,B,-,A,A,A,A,-,A,A,B,A,A,A,A,A,A,A,A,B,B,-,B,B,B,B,B,B,-,B,B,B,B,B,B,B,B,B,B,B,B,B,B,B,B,B,B,B,A,A,A,A,A,A,A,A,A,A,A,A,A,A,A,B,B,B,B,B,B,B,B,B,B,B,B,B,A,A,A,A,A,A,-,A,A,A,A,A,A,A,A,A,A,A,A,A,A,A,A,A,A,A,A,A,A,A
117.8478394,B,B,B,A,A,A,A,A,A,A,A,A,B,B,B,B,B,B,B,B,B,B,B,A,-,A,A,A,-,A,A,A,A,A,A,A,A,A,A,A,A,A,A,A,A,A,A,A,A,A,A,A,A,A,A,A,A,A,A,A,A,A,A,A,A,A,A,A,A,A,A,A,A,A,A,A,A,A,A,A,A,A,B,B,B,B,B,B,B,B,B,B,B,B,B,B,B,B,B,B,B,B,B,B,H,A,A,A,A,A,A,A,A,A,A,A,B,B,B,B,A,A,A,A,A,A,A,A,A,A,A,A,H,A,-,A,B,B,A,A,A,A,B,A,B,-,B,B,B,B,B,A,A,A,A,-,A,A,A,A,B,B,B,B,B,B,B,B,B,B,B,B,B,B,B,B,B,B,B,B,B,B,B,B,B,B,B,B,B,B,A,A,A,A,A,A,A,A,A,A,A,A,A,A,A,A,A,A,B,A,A,A,A,A,A,A,A,A,A,A
60.75555681,A,A,A,A,A,A,A,A,A,A,A,B,A,A,A,-,A,A,A,A,A,A,A,B,B,B,B,A,A,A,A,A,B,B,B,B,B,B,B,B,B,B,B,B,B,B,B,B,B,B,B,B,B,B,B,B,A,A,A,A,A,A,A,A,A,A,A,A,A,A,A,A,A,A,A,A,A,A,A,A,A,A,A,B,B,A,A,A,A,A,A,A,A,A,A,A,A,A,A,A,A,A,B,B,B,B,B,B,B,B,B,B,B,B,A,A,B,A,A,B,B,B,B,B,B,B,B,B,B,B,B,B,B,B,B,B,B,B,B,B,B,-,B,B,B,B,B,B,-,B,B,B,B,B,B,B,B,B,B,B,B,B,A,A,A,A,A,A,A,A,A,A,A,A,A,A,A,A,A,A,A,A,A,A,A,A,A,A,B,B,A,B,-,B,B,B,B,A,A,A,A,A,A,A,A,A,A,A,A,-,A,A,A,A,A,A,A,A,B,B
98.23990464,B,B,B,B,B,B,B,B,B,B,B,B,B,B,B,B,B,B,B,B,B,B,B,B,B,A,A,A,A,A,A,A,A,A,A,B,B,B,B,B,B,B,B,B,B,B,B,H,H,H,H,-,H,H,H,A,A,B,B,B,B,B,B,B,B,B,B,B,A,A,A,A,A,B,B,B,B,B,A,A,A,B,B,B,B,B,B,A,A,A,A,A,A,A,A,A,B,B,B,B,B,B,A,A,B,B,B,B,B,B,B,B,B,B,A,A,A,A,A,A,A,A,A,A,A,A,B,B,B,B,B,A,B,A,A,A,A,A,A,-,A,A,A,A,A,A,A,A,A,A,A,A,A,A,A,A,A,A,A,A,A,A,A,B,B,B,B,B,B,B,B,B,B,B,B,-,B,B,B,B,B,B,B,B,B,B,B,B,B,B,B,B,B,-,B,B,B,A,A,A,A,A,A,A,A,A,A,A,A,A,A,B,-,A,A,A,A,A,A,A
73.83947002,B,B,B,B,A,A,A,B,B,B,B,B,B,B,B,B,A,A,A,A,A,H,H,A,A,A,A,A,A,A,A,A,A,A,A,B,B,B,B,B,A,A,A,A,A,A,A,A,A,A,A,A,A,A,B,B,B,B,B,B,B,B,B,B,B,B,A,A,A,A,A,A,A,A,A,A,A,A,A,A,A,A,A,A,A,A,A,A,A,A,A,A,A,A,A,A,A,A,A,-,B,B,B,B,B,B,B,B,B,B,B,B,A,A,A,A,A,A,A,A,A,A,A,A,-,A,A,A,A,A,B,B,B,A,A,A,A,A,B,B,B,B,B,B,B,A,A,A,A,A,A,A,A,A,-,A,A,A,A,A,B,B,A,A,A,A,A,A,A,A,A,A,B,B,B,B,B,A,A,A,A,A,A,A,A,A,A,A,B,B,A,A,A,A,A,A,A,A,A,B,B,B,B,B,B,B,B,B,B,B,B,B,B,B,B,B,B,B,B,B
88.4047282,A,A,A,A,A,A,A,A,B,B,B,B,B,B,B,B,B,B,B,A,A,A,A,B,B,B,A,A,-,A,A,A,A,A,A,A,A,A,A,A,B,B,B,A,A,A,A,A,A,B,B,B,B,B,B,B,A,A,A,A,A,B,B,A,A,B,-,A,B,B,B,B,B,B,A,A,A,A,A,A,A,A,A,A,A,H,H,H,H,H,H,H,H,B,B,B,B,B,B,B,B,B,B,B,B,-,B,B,B,B,B,B,B,B,B,B,B,B,B,B,B,B,B,B,B,B,B,B,B,B,B,B,B,A,A,A,B,B,B,B,B,B,B,B,B,B,B,B,B,A,A,A,A,A,A,A,A,A,A,A,B,B,B,B,B,B,B,B,B,B,A,A,A,A,A,A,A,A,A,A,A,A,A,A,A,A,A,A,A,A,B,B,B,B,A,A,A,B,B,B,B,B,B,B,B,B,B,B,B,B,B,B,B,B,B,B,-,B,B,B
89.52624325,A,A,A,A,A,A,A,A,A,A,A,A,A,A,A,A,H,A,B,B,A,A,A,B,B,B,B,B,B,B,B,B,B,B,B,B,B,B,B,B,B,B,B,B,B,B,B,B,-,B,B,B,B,B,B,B,B,B,B,B,-,B,B,B,B,B,B,B,B,B,B,B,B,B,B,B,B,B,B,B,B,B,B,B,B,B,B,B,B,B,B,B,B,A,A,H,H,B,B,B,A,A,B,B,B,B,B,B,B,B,B,B,A,A,A,A,A,A,A,A,A,-,A,A,A,A,A,A,A,A,B,-,B,B,B,B,B,B,B,B,B,B,B,B,B,B,B,B,A,A,A,A,A,A,A,A,A,A,A,A,A,A,B,B,B,B,B,B,B,B,B,B,B,B,B,B,B,B,B,A,A,-,A,A,A,A,A,A,A,A,B,B,B,B,B,B,B,B,B,B,B,B,B,B,B,B,B,B,B,B,B,B,B,B,B,B,B,B,B,B
82.51110768,A,A,A,A,A,A,A,A,A,A,A,A,A,A,A,B,B,B,B,A,A,A,A,B,B,B,B,B,B,-,B,B,B,B,B,B,B,B,B,B,B,B,B,B,B,A,A,A,A,A,A,A,A,A,A,B,B,A,A,B,B,B,B,B,A,B,B,B,B,B,B,B,B,B,B,B,B,B,B,B,B,B,B,B,B,B,B,B,B,A,A,A,A,A,A,A,A,A,A,A,A,A,A,A,A,A,A,A,A,A,A,A,A,A,A,A,A,A,A,A,A,A,A,A,A,A,A,A,A,A,A,-,B,B,B,B,B,B,B,B,B,B,B,B,-,B,B,B,B,B,B,B,B,B,-,B,A,A,A,A,B,A,A,A,A,A,A,A,A,A,A,A,A,A,A,A,A,A,A,A,A,A,A,A,A,A,A,A,A,A,A,A,A,A,A,A,A,A,A,A,-,B,B,B,B,B,A,A,A,A,H,H,H,A,H,-,H,H,B,B
80.74205144,B,B,B,B,B,B,B,B,B,B,B,A,A,A,A,A,A,A,A,A,A,A,A,B,B,B,B,B,B,B,B,B,B,B,B,B,B,B,B,B,B,B,B,B,B,B,B,B,B,B,B,B,B,B,B,B,B,B,B,B,B,A,A,A,A,A,A,A,A,A,A,A,A,A,A,A,A,-,B,B,B,B,B,B,B,B,B,B,B,B,B,B,-,A,A,A,A,A,A,A,B,B,A,A,A,A,A,A,A,A,A,A,A,A,A,A,A,A,A,A,A,B,B,B,A,B,H,H,A,A,A,A,B,A,H,B,B,A,A,A,A,A,A,A,A,A,A,A,A,-,A,A,A,B,B,B,A,A,A,A,B,B,A,-,A,-,H,H,B,A,A,A,A,A,A,A,A,A,A,A,-,A,A,A,A,A,A,A,A,A,B,A,A,-,A,A,A,A,A,B,B,B,B,B,B,B,B,B,B,-,B,B,B,B,B,B,B,B,B,B
90.66190193,B,B,B,-,B,B,B,B,B,B,B,B,B,B,B,B,B,B,B,-,B,B,B,A,A,A,A,A,A,A,-,A,A,A,A,A,A,A,A,A,A,A,A,A,A,A,-,A,-,A,A,A,A,A,A,A,A,A,A,A,A,A,A,A,A,B,A,A,B,B,B,B,B,B,-,A,A,A,A,A,A,A,A,B,B,A,A,A,A,B,B,-,B,B,B,B,B,B,B,B,B,B,A,A,A,A,-,A,A,A,A,A,A,A,A,A,A,A,A,A,A,A,A,-,A,A,A,A,A,A,A,B,B,A,A,A,A,A,A,-,A,A,A,A,A,A,A,A,A,A,A,A,A,A,A,A,A,A,A,A,B,B,A,-,A,A,A,A,A,A,A,A,A,-,A,A,A,A,A,B,-,B,B,B,B,B,B,B,B,B,B,B,B,B,B,B,B,A,A,A,A,A,A,A,B,B,B,A,A,A,A,A,A,A,A,A,A,B,B,B
138.0232878,B,B,B,B,B,B,B,B,H,H,H,H,A,A,A,A,A,A,A,A,A,A,A,A,A,A,A,A,A,A,A,A,A,A,A,A,A,B,B,B,B,B,B,B,B,A,A,A,A,A,A,A,A,A,A,A,A,A,A,A,A,B,B,B,B,A,A,A,A,-,A,-,A,A,A,A,A,A,A,A,A,A,-,A,A,A,A,A,A,A,A,A,A,A,A,A,A,A,A,A,A,A,B,-,B,B,B,-,B,B,B,B,B,B,B,B,B,B,B,B,B,B,B,B,-,B,B,B,B,B,B,B,B,A,-,A,A,A,A,A,A,A,A,A,A,A,A,A,A,H,B,B,B,B,B,B,B,B,B,B,B,B,B,B,B,B,B,B,B,B,A,A,A,A,A,A,A,A,A,A,A,A,A,A,H,B,B,B,B,B,B,B,A,A,A,A,A,A,A,A,A,A,A,A,A,A,A,A,A,A,A,A,A,A,A,A,A,A,A,A
108.6730119,B,B,B,B,B,B,A,A,A,B,B,B,B,B,A,A,A,A,B,B,B,B,B,A,A,A,A,A,A,A,-,A,B,B,B,B,B,B,B,B,B,B,B,B,B,B,B,B,B,B,B,B,B,B,B,B,B,B,B,B,B,B,B,B,B,B,B,B,B,B,B,B,B,B,B,B,B,B,B,B,B,B,B,B,B,B,B,H,A,B,B,B,B,B,B,B,B,B,B,B,B,B,-,A,A,A,A,A,A,A,A,A,A,A,A,A,A,A,A,A,A,A,A,A,B,A,-,B,B,B,B,A,A,B,B,B,B,B,B,B,B,B,B,B,B,B,B,B,B,B,B,B,B,B,B,B,B,B,B,B,A,A,A,A,A,A,A,A,A,A,A,A,A,A,A,A,A,B,B,B,B,B,B,B,A,A,A,A,A,A,B,B,B,B,B,B,B,B,B,A,A,A,A,A,A,A,A,A,A,A,A,A,A,A,A,A,A,A,A,A
101.471092,A,A,A,A,A,A,A,A,A,A,-,A,A,A,B,B,-,B,B,B,B,B,B,B,B,B,B,H,H,A,A,A,A,A,A,A,A,A,A,A,-,A,A,A,A,A,A,B,B,B,B,B,B,B,B,B,B,B,B,B,B,A,B,-,B,A,A,A,A,A,A,A,A,A,A,A,A,A,A,A,A,A,A,A,A,B,B,B,B,B,B,B,B,B,B,B,B,B,B,B,B,A,B,B,B,B,A,A,A,A,A,A,-,A,A,-,A,B,B,B,B,B,B,B,B,B,B,B,B,B,B,B,B,A,A,A,-,B,A,A,A,B,B,B,B,B,B,B,B,B,B,B,B,B,B,B,B,B,B,B,B,B,B,B,B,B,B,B,B,B,B,B,B,B,B,B,B,A,A,A,A,A,A,A,A,B,-,B,B,B,-,A,B,B,B,B,B,A,A,B,B,B,B,B,B,B,B,A,A,A,A,-,A,A,A,A,A,A,A,A
76.62092359,B,A,A,H,H,H,A,A,B,A,A,A,A,A,A,A,A,A,A,A,A,A,A,B,B,B,B,B,B,B,B,B,B,B,B,B,B,B,B,B,B,B,B,-,B,B,B,B,B,B,B,B,B,B,B,B,B,B,B,B,B,A,A,A,A,A,A,A,A,A,A,A,A,B,B,B,B,B,B,A,A,A,A,A,A,A,A,A,B,B,B,B,B,B,B,B,B,B,B,B,B,B,B,B,B,B,B,B,B,B,B,B,B,B,B,B,B,B,B,B,B,B,B,B,B,B,B,B,A,A,A,A,A,B,B,A,A,A,A,A,A,A,A,B,B,B,B,-,B,B,B,B,B,B,B,B,-,B,B,B,B,B,A,A,A,A,A,A,A,A,A,A,A,A,A,A,A,A,A,A,A,A,B,B,B,A,A,A,A,A,A,A,A,A,A,-,A,A,A,A,A,A,A,A,A,A,A,A,A,B,B,B,B,B,B,B,B,A,A,A
55.66904746,B,B,B,A,A,A,A,A,A,A,A,A,A,A,A,A,A,A,A,A,A,A,B,B,B,B,B,B,B,B,B,B,B,B,B,B,B,B,B,B,B,B,B,B,B,B,B,B,B,-,B,B,B,B,B,B,B,B,A,A,A,B,B,B,A,B,B,B,B,B,B,B,B,B,B,B,B,B,B,B,B,B,B,B,B,B,B,B,B,A,H,H,H,B,B,B,B,A,A,A,A,B,A,A,A,A,A,A,A,A,A,A,A,A,A,-,A,A,A,A,A,A,A,A,A,A,A,A,A,A,A,A,-,B,B,A,A,A,B,B,B,B,B,B,B,B,B,B,B,B,B,B,A,A,A,A,B,B,B,B,B,B,A,A,A,A,A,A,A,A,A,A,A,A,A,A,A,A,A,A,A,A,B,B,B,A,A,A,A,A,A,A,-,A,A,A,A,A,A,A,A,A,A,A,A,A,A,A,A,B,B,B,B,B,A,A,A,A,B,B
66.88713166,B,B,A,B,B,B,H,H,A,A,A,A,A,A,A,A,-,A,A,A,A,A,A,B,B,B,B,B,B,B,B,B,B,B,B,B,B,B,B,B,B,B,B,B,B,B,B,B,B,B,B,B,A,A,A,A,A,A,A,A,A,A,A,A,A,A,A,A,A,A,A,A,A,A,A,A,A,A,A,A,A,A,A,A,A,B,B,A,A,A,A,A,-,A,A,A,A,A,A,A,A,B,A,A,A,A,A,A,A,A,A,A,B,B,B,H,H,H,H,H,H,H,H,H,H,A,A,A,A,A,A,A,A,B,B,B,B,B,B,B,B,B,B,B,B,B,B,-,B,B,B,B,B,B,B,B,B,B,B,B,B,B,A,A,A,B,B,B,B,B,B,A,A,A,A,A,A,A,A,A,A,A,B,B,A,A,A,A,A,A,B,A,A,A,A,A,A,-,A,A,A,A,A,A,A,A,A,A,A,A,A,A,A,A,A,A,A,A,A,A
70.27656625,A,-,A,A,A,A,A,A,A,A,A,B,B,B,B,B,B,A,A,A,A,A,A,B,B,B,B,B,B,B,B,B,B,B,B,B,B,B,B,B,B,B,B,B,B,B,B,B,B,B,B,B,A,A,A,A,A,A,A,A,A,-,A,B,B,H,B,B,B,B,A,A,A,B,B,B,B,B,B,-,B,B,B,B,B,A,A,H,H,A,A,A,A,B,B,B,B,A,A,A,A,A,A,A,A,H,B,H,A,A,A,B,A,A,A,A,A,A,A,A,A,A,A,A,A,A,A,A,A,A,A,A,A,B,B,B,B,B,-,B,B,B,B,B,B,B,B,B,B,B,B,B,B,B,B,B,B,B,B,B,B,B,A,A,A,A,A,A,A,A,A,A,A,A,A,A,A,A,A,B,B,A,A,A,A,A,A,A,A,A,B,B,B,B,B,B,B,B,B,B,B,B,B,B,B,B,B,B,B,B,B,A,A,A,A,A,A,A,B,A
109.5950719,B,B,B,B,B,B,B,B,B,B,B,B,B,H,H,H,A,A,B,A,A,A,A,B,B,B,B,B,B,-,B,B,B,B,B,B,B,B,B,B,B,A,A,A,B,B,B,B,B,-,B,B,B,B,B,B,B,B,B,B,B,B,B,B,B,A,A,A,A,A,A,A,A,A,A,A,A,A,A,A,A,A,A,A,A,A,A,B,H,B,B,B,B,B,B,B,B,B,B,B,B,A,A,A,A,-,A,B,B,B,B,B,B,B,B,B,B,-,B,B,B,B,B,B,B,B,B,B,B,B,B,B,A,B,B,B,B,B,A,A,A,A,A,A,A,A,A,A,A,A,A,A,A,A,A,A,A,A,B,B,B,B,B,A,A,A,A,B,B,B,B,B,B,B,B,-,B,B,B,B,B,B,B,B,B,B,B,B,B,B,A,A,A,A,A,A,A,A,A,A,A,A,A,A,A,A,A,-,A,A,A,B,B,B,B,B,-,B,B,B
97.59152002,B,B,B,B,B,B,A,A,A,B,B,A,A,A,A,A,A,B,B,B,B,B,B,B,B,B,B,B,B,B,B,B,B,B,B,B,B,B,B,B,B,-,B,A,A,A,A,A,A,A,A,A,A,A,A,A,H,A,A,A,-,B,B,B,B,B,B,B,A,A,A,A,A,A,B,B,B,A,A,A,A,A,A,A,A,A,A,A,B,-,B,B,B,B,B,-,B,B,B,B,B,B,A,A,A,A,A,-,A,A,A,A,A,A,A,A,A,A,A,A,A,A,A,-,A,B,B,B,B,A,A,A,A,B,B,B,B,B,B,A,A,A,A,A,A,A,A,A,A,A,A,B,B,B,A,A,A,A,A,A,B,B,A,B,B,B,B,B,B,B,B,B,B,B,B,B,B,B,B,A,A,B,B,B,B,B,B,B,B,B,-,A,A,A,B,B,B,A,A,A,A,A,A,A,A,A,A,A,A,A,A,A,A,A,A,A,A,A,B,B
125.2475895,A,A,A,A,A,A,A,A,A,H,H,H,B,B,B,B,B,-,A,A,A,A,A,B,B,B,B,B,B,B,B,B,B,B,H,A,A,A,A,A,A,A,A,A,A,A,A,A,A,A,A,A,A,A,A,A,B,B,B,B,B,B,B,B,-,B,B,B,B,B,B,B,B,B,B,B,B,B,A,A,A,A,A,A,A,-,A,A,A,A,A,A,A,A,A,A,A,A,A,A,A,A,A,A,A,A,A,A,A,A,A,A,A,A,A,A,-,A,A,A,A,A,A,A,A,B,B,B,B,B,B,B,B,B,B,B,B,B,B,B,B,B,B,B,B,B,B,B,B,B,B,B,B,B,B,B,A,A,A,A,A,-,A,A,A,A,A,A,A,A,A,A,A,A,A,A,B,B,B,B,B,B,B,B,B,B,B,B,B,B,A,A,A,A,A,A,A,A,A,A,A,A,A,A,A,A,A,A,A,A,A,A,A,A,A,A,A,A,A,A
96.02853686,-,B,B,B,B,A,A,A,A,A,-,A,-,B,B,B,B,B,B,B,A,B,B,A,A,A,A,A,A,A,A,A,A,A,A,A,A,A,A,A,A,A,B,-,B,B,B,B,B,B,B,B,B,B,B,B,B,B,B,B,B,B,B,B,B,B,B,B,B,B,B,B,B,B,-,B,B,B,B,B,B,B,B,B,B,B,B,A,A,A,A,A,A,A,A,A,A,A,A,A,A,A,B,B,-,B,B,B,A,A,A,A,A,A,A,A,A,A,A,A,A,A,A,A,A,A,A,A,A,A,A,B,B,H,A,A,B,B,B,B,B,B,B,B,B,B,B,A,A,A,A,A,A,A,A,A,A,A,A,A,A,A,B,B,B,B,B,B,B,-,A,A,A,A,A,A,A,B,B,B,B,A,A,A,A,A,A,A,A,A,-,B,-,B,B,B,B,B,B,B,B,B,B,B,B,B,B,B,B,B,B,B,B,B,A,A,-,A,A,A
116.9115407,B,B,B,B,B,B,B,B,A,A,A,B,B,B,B,B,B,B,B,A,A,A,B,A,A,-,A,A,A,A,A,A,A,A,A,B,B,B,B,B,B,B,B,B,B,B,B,B,B,-,B,B,-,A,-,B,B,B,B,B,-,B,B,B,B,B,B,B,B,B,B,B,B,B,B,B,B,B,A,A,A,A,A,A,A,A,A,B,B,B,B,H,H,B,B,B,B,B,B,B,B,B,A,A,A,A,A,A,A,A,A,A,A,A,A,A,B,B,B,B,B,B,B,B,B,B,B,B,B,B,B,A,A,A,A,A,A,A,B,B,B,B,B,B,B,A,B,B,-,B,A,A,A,A,A,A,A,A,A,A,A,A,B,B,B,B,B,B,B,B,B,B,B,B,B,B,B,A,A,A,A,A,A,A,A,A,-,A,-,A,A,B,A,-,A,A,A,A,A,A,A,A,A,A,A,A,A,A,A,B,B,B,B,B,B,B,-,B,A,B
82.99810754,B,B,B,B,B,A,A,A,A,A,A,A,A,A,A,A,A,A,A,A,A,A,A,B,B,B,B,B,B,B,B,B,B,B,B,A,B,B,B,B,B,B,B,B,-,B,B,B,B,B,B,B,B,B,B,B,B,B,B,B,B,A,A,A,A,A,A,A,-,A,A,A,-,A,B,B,A,A,A,A,A,A,B,A,A,A,A,A,A,A,A,A,A,B,B,B,B,B,B,B,B,B,A,A,A,A,A,A,A,A,A,A,A,A,A,A,A,B,B,B,B,B,B,B,B,A,A,A,A,A,A,A,A,B,B,B,A,A,A,A,A,A,A,A,A,A,A,A,A,A,A,A,B,B,B,B,A,A,A,A,B,B,B,B,B,B,B,B,B,B,B,B,B,B,B,B,B,B,B,B,B,B,B,B,B,B,B,B,A,A,B,B,A,-,A,A,A,B,B,B,B,B,B,B,A,A,A,A,A,A,A,A,A,A,A,-,A,A,B,B
148.9406197,B,B,B,B,B,B,B,B,B,B,B,A,A,A,A,A,A,B,B,A,A,A,A,A,A,A,A,A,A,A,A,A,A,A,A,A,A,A,A,A,A,A,A,A,A,A,A,A,A,A,A,A,A,A,A,A,A,A,A,A,A,A,A,A,A,B,A,A,A,A,A,A,A,A,A,A,-,B,B,B,B,-,B,B,B,B,B,B,B,B,B,B,B,B,B,B,-,B,B,B,B,B,A,A,A,A,A,B,B,B,-,B,B,B,B,B,B,B,B,B,B,B,B,B,B,B,B,B,B,B,H,H,H,B,B,B,B,B,A,A,B,A,A,A,A,-,B,B,B,B,B,B,B,B,B,B,B,B,B,-,B,B,B,B,B,B,B,B,B,B,B,B,B,H,H,A,A,-,A,B,B,B,B,B,B,B,B,B,B,B,A,A,A,A,A,A,A,B,B,B,B,B,B,B,B,B,B,B,B,A,A,A,A,A,A,A,A,A,B,B
93.87929032,B,B,B,B,B,B,B,A,A,A,A,-,A,A,A,A,B,B,B,B,B,B,B,B,B,B,B,B,B,B,B,B,B,B,-,B,B,B,B,B,A,A,A,A,A,A,-,A,A,A,A,A,-,A,A,A,A,-,A,A,A,A,A,A,A,B,A,A,A,A,H,H,H,H,H,H,H,B,B,B,B,B,B,A,A,A,A,A,A,A,A,A,A,A,A,A,-,A,A,-,A,A,A,B,B,B,B,B,B,B,-,B,B,B,B,B,B,B,B,B,B,A,A,A,A,A,A,B,B,B,B,B,B,A,A,A,A,A,A,A,A,B,A,B,B,B,B,B,B,B,A,A,A,A,A,A,A,A,A,A,A,A,B,B,B,B,B,B,B,B,B,B,B,B,B,B,B,B,B,B,B,B,B,B,B,B,B,B,B,B,B,B,B,B,B,B,B,B,B,B,B,B,-,B,B,B,B,B,B,-,B,B,B,B,B,B,B,-,B,B
68.18609052,A,A,A,B,B,A,B,B,B,B,B,B,B,B,B,B,B,B,B,B,B,B,B,B,B,B,B,B,B,B,B,B,B,B,B,B,B,B,-,B,B,B,B,B,B,B,B,B,B,B,B,B,B,B,B,B,B,-,B,B,A,A,A,A,A,B,B,B,B,B,B,B,B,B,B,B,B,B,B,B,B,B,B,B,B,-,-,B,B,B,B,B,B,B,B,B,B,B,B,B,A,A,A,A,A,A,A,A,A,A,-,A,A,A,A,A,A,A,A,A,B,B,B,B,B,B,B,B,B,B,A,B,A,B,B,B,H,H,A,A,A,A,A,A,A,A,B,B,B,B,B,B,B,B,A,A,A,A,A,A,B,B,A,A,A,A,A,A,A,A,A,A,A,A,A,A,A,A,A,A,A,B,B,B,B,B,B,B,B,B,B,A,A,B,B,-,B,B,B,A,B,B,B,B,B,B,A,A,A,B,B,B,B,B,B,B,B,B,B,B
76.34206467,B,B,A,A,A,A,A,A,A,A,A,A,A,A,A,B,A,A,B,B,B,B,B,B,B,B,B,B,B,B,B,B,B,B,B,B,B,B,B,B,B,B,B,A,A,-,A,A,A,A,A,A,A,A,A,A,A,A,-,A,A,A,A,A,B,A,A,A,A,A,A,A,A,A,A,A,A,A,A,A,A,A,B,B,B,B,B,B,B,B,B,B,B,B,B,B,-,B,B,B,A,A,A,A,B,B,B,B,B,B,B,B,A,A,A,A,A,A,A,A,B,B,B,B,B,B,B,B,B,B,B,B,B,B,A,H,H,H,B,B,B,B,B,H,B,B,B,B,B,B,B,B,B,B,B,B,B,B,B,B,B,B,B,B,B,B,B,A,A,A,A,A,A,-,A,A,-,H,H,B,-,B,B,B,B,B,B,B,B,B,B,B,B,B,B,B,B,B,B,B,B,B,B,B,B,B,B,B,B,B,B,H,A,A,A,A,A,B,A,A
93.42133114,A,A,A,A,A,A,B,B,A,A,A,A,A,A,A,A,A,A,A,A,A,A,A,A,A,A,A,A,A,A,A,A,A,A,A,A,A,A,A,A,A,A,-,B,B,B,B,B,B,B,B,B,B,B,B,B,B,B,B,B,-,B,B,B,B,A,A,A,A,A,A,A,A,A,A,A,A,A,A,A,A,A,A,A,A,A,A,A,A,A,A,A,A,A,A,A,A,A,A,A,A,A,B,B,B,B,B,B,-,B,B,B,B,B,B,B,B,B,B,B,B,B,B,B,B,B,B,B,B,B,B,B,B,A,A,A,A,A,-,A,A,A,A,A,A,A,A,A,A,A,A,A,A,A,A,A,A,A,A,A,B,-,B,B,-,B,B,B,B,B,B,B,B,B,B,B,B,B,B,A,A,A,A,-,A,A,A,A,A,A,A,A,A,A,A,A,A,A,A,A,A,A,A,A,A,A,A,A,A,A,B,B,B,B,B,B,B,B,B,A
83.72056518,B,B,B,B,B,B,B,B,B,B,B,B,B,B,B,B,B,B,B,B,-,B,-,A,A,A,B,B,B,B,B,B,B,B,B,B,B,B,B,B,B,B,B,B,B,B,B,B,B,-,A,A,A,A,A,A,A,A,B,B,A,A,A,A,A,B,B,B,-,B,B,B,B,B,B,B,B,B,B,B,B,B,B,B,B,B,B,B,A,A,A,A,-,A,A,A,A,A,A,A,A,A,A,A,A,A,A,A,A,A,A,-,A,A,A,A,A,A,A,A,B,B,B,B,B,B,B,B,B,B,B,B,B,A,A,A,B,B,A,H,H,H,H,B,B,B,B,B,B,B,B,B,B,-,B,B,B,A,A,A,A,A,-,A,A,A,A,A,A,A,A,H,H,B,B,B,B,B,B,B,B,B,B,B,B,B,B,B,B,B,A,A,A,A,A,A,A,A,A,A,A,A,A,A,A,A,B,B,B,B,B,B,B,B,B,B,B,B,B,B
52.86282405,B,B,B,B,B,B,A,-,A,A,A,A,A,A,A,A,B,B,A,A,A,A,A,B,B,B,B,B,B,B,B,B,B,B,B,B,B,B,B,B,B,B,B,B,B,B,B,B,B,B,B,B,B,B,-,B,B,B,B,B,B,B,B,B,B,B,B,A,-,A,A,A,A,A,A,A,A,A,A,A,A,A,A,A,A,A,A,A,A,H,H,H,H,B,B,B,B,B,B,B,-,B,B,B,A,B,A,A,B,B,B,B,B,B,B,B,A,A,A,A,A,A,A,A,A,A,A,A,A,A,A,A,A,B,-,B,A,A,A,A,A,A,A,A,A,A,A,A,A,B,B,B,A,A,A,A,A,A,A,A,A,A,B,B,B,B,B,B,B,B,B,B,B,B,B,B,B,B,A,A,A,A,A,A,B,A,A,A,A,A,B,B,B,B,B,B,B,B,B,B,B,B,B,B,B,B,B,B,B,B,B,B,B,B,-,B,B,B,B,B
75.88673989,A,A,B,B,B,B,B,B,B,A,A,A,A,B,B,B,B,B,B,B,B,B,B,B,B,B,B,B,B,-,B,B,B,B,B,B,B,A,A,A,A,A,A,A,A,A,A,A,A,-,A,A,A,A,A,A,A,A,A,A,A,A,A,A,A,A,A,A,A,A,A,A,A,A,A,A,A,A,A,A,A,B,B,B,B,B,B,B,B,B,B,B,B,A,A,A,A,A,A,-,A,A,B,B,B,B,B,A,B,B,B,B,B,B,B,A,A,A,A,A,A,A,A,A,A,A,A,A,A,A,A,A,B,B,A,B,B,B,B,B,B,B,B,B,B,B,B,B,B,B,B,B,B,B,-,B,B,B,B,B,-,B,A,A,A,A,A,A,A,-,A,A,A,A,A,A,A,A,A,-,A,A,A,A,A,A,A,A,A,A,B,B,B,B,B,-,B,B,B,A,A,-,A,A,A,A,A,A,B,B,B,B,A,A,A,A,A,A,A,A
68.62865449,B,-,B,B,B,B,B,B,-,B,B,B,B,B,B,B,-,B,B,B,B,B,B,A,A,A,A,A,A,A,A,A,B,B,B,B,A,A,A,A,A,A,A,A,A,A,A,A,A,-,A,A,B,A,A,A,A,A,A,A,A,A,A,A,A,A,A,A,A,A,A,A,A,A,A,A,B,B,B,B,B,B,A,A,A,A,A,A,A,A,B,B,B,B,B,B,B,B,B,B,B,B,A,A,B,B,B,B,B,B,B,B,B,B,B,B,A,A,A,A,A,A,A,A,A,A,A,A,A,A,A,B,B,A,A,A,A,A,B,B,B,B,B,B,B,B,B,B,B,A,A,A,A,A,A,A,A,A,A,A,B,B,A,A,A,A,A,A,A,A,A,A,A,A,A,A,A,A,A,B,A,A,A,A,A,A,A,-,A,A,B,B,B,B,A,A,A,A,A,A,A,B,B,B,B,B,A,A,A,A,A,A,A,A,A,A,A,B,B,B
75.11988007,A,A,A,A,A,A,A,A,B,B,B,B,B,B,A,A,A,A,A,A,A,A,A,A,A,A,A,A,A,-,B,B,A,A,A,A,A,A,A,A,A,A,B,B,B,B,B,B,B,B,-,B,B,B,B,-,B,A,A,A,A,A,A,A,A,B,B,B,B,B,B,B,B,A,A,B,A,A,A,A,A,A,B,B,B,B,B,B,B,B,B,B,B,B,B,B,B,B,B,B,B,B,B,B,A,A,B,B,B,B,B,B,B,B,B,B,B,B,B,B,A,A,A,A,A,A,A,A,A,A,A,A,A,A,A,A,B,B,B,B,B,B,B,A,A,A,A,A,A,A,A,B,B,B,B,B,B,B,A,A,A,-,B,B,B,B,B,B,B,-,B,B,B,B,B,B,B,B,B,B,B,B,B,B,B,B,H,H,H,H,B,B,B,B,B,B,B,B,B,B,B,B,B,B,B,B,B,B,B,A,A,B,B,B,B,B,B,B,B,B
155.2575388,B,-,B,B,B,B,B,B,B,B,B,B,-,A,A,A,A,A,B,A,A,-,A,B,B,B,B,B,B,B,B,B,B,B,B,B,A,A,A,A,A,A,A,A,A,A,A,A,A,A,A,A,B,B,B,A,A,A,A,A,A,A,A,A,A,A,A,A,A,A,B,B,-,B,B,B,B,B,B,B,B,B,B,B,B,B,B,B,B,A,A,A,A,A,A,A,A,A,A,A,A,A,A,A,A,A,A,A,A,A,A,A,A,A,-,A,B,B,B,B,B,B,B,B,B,B,B,B,A,A,A,A,A,B,B,B,B,B,A,A,A,A,B,B,B,B,B,B,B,A,A,A,A,A,A,A,A,A,B,B,B,B,A,A,A,A,A,A,A,A,A,A,A,A,A,A,-,A,A,A,A,A,A,A,A,H,H,A,A,A,A,A,A,A,B,B,B,B,B,B,B,B,B,B,B,B,B,B,B,B,B,A,A,A,A,A,A,A,B,B
54.71340638,A,B,A,A,A,A,A,A,A,A,A,A,A,A,A,A,A,-,A,A,A,A,B,A,A,A,A,A,A,A,A,A,A,A,A,-,A,A,A,A,A,A,A,A,A,A,A,A,A,A,A,A,A,A,A,A,A,A,A,A,A,A,B,B,B,B,B,B,B,B,B,B,A,-,A,A,A,A,A,A,-,A,-,A,A,A,A,A,A,A,A,A,-,A,A,A,A,A,A,A,A,A,B,B,A,A,A,A,A,A,A,A,A,A,H,A,A,A,A,A,A,A,A,B,-,B,B,B,B,B,B,B,B,B,B,B,B,B,B,B,B,B,B,B,B,B,B,B,B,B,B,B,B,B,B,B,B,B,A,A,-,A,B,B,B,B,B,B,B,B,B,B,B,B,B,H,A,A,A,A,A,A,A,A,B,B,B,B,B,B,A,A,A,-,A,A,B,B,B,B,B,-,B,B,A,A,B,B,B,A,A,B,B,B,B,B,B,B,B,B
51.423432,A,A,B,B,A,A,A,A,A,A,A,A,A,A,A,A,A,A,A,A,A,A,A,A,A,A,A,A,A,A,A,A,A,A,H,B,B,B,B,B,B,B,A,A,A,A,A,A,A,A,A,B,B,B,B,B,B,B,B,B,B,B,B,B,B,A,A,A,A,A,A,A,A,A,A,A,A,A,A,A,A,A,A,A,A,A,A,A,A,A,A,-,A,B,B,B,B,A,A,A,A,A,A,A,B,B,A,A,A,A,A,A,A,A,A,A,A,A,A,A,A,H,B,B,B,H,A,A,A,A,A,A,B,A,A,A,A,A,B,B,B,B,B,A,A,A,A,A,A,A,B,B,B,B,B,B,B,B,B,B,B,B,A,A,A,A,B,B,B,B,A,A,A,A,-,A,A,B,B,B,B,B,B,B,B,B,B,B,B,B,B,B,B,B,B,B,B,A,A,A,A,A,A,A,A,A,A,A,A,A,A,A,A,A,B,B,B,B,B,B
106.1799791,A,A,A,A,A,A,A,A,B,B,A,A,A,A,B,B,B,B,B,B,B,B,B,B,B,B,B,B,B,B,B,B,B,B,B,B,B,B,B,B,B,B,B,A,A,A,A,B,B,B,B,B,-,B,B,B,A,A,A,A,B,B,B,B,B,A,A,A,H,B,B,B,B,B,B,B,B,B,B,B,B,B,B,B,B,B,B,B,B,B,B,B,B,B,B,B,-,A,A,A,A,A,B,B,B,B,A,A,A,A,A,A,A,A,A,A,A,A,A,A,A,A,A,A,A,A,B,B,B,B,A,A,A,A,A,A,A,A,A,A,A,A,A,A,A,A,A,A,A,A,A,A,A,A,A,A,A,A,-,A,A,A,A,A,A,A,A,A,A,A,A,A,A,A,A,A,A,A,A,A,A,A,A,A,A,A,A,A,A,A,A,A,B,B,B,B,B,A,A,A,-,A,A,A,A,A,A,A,A,A,A,A,A,A,A,A,A,A,-,A
133.2201502,-,A,B,B,B,B,B,B,B,B,B,B,B,B,B,B,-,B,B,B,B,B,B,B,B,B,B,B,B,B,B,B,B,B,B,A,A,A,A,A,A,A,A,A,A,A,A,A,A,A,A,A,A,A,A,A,A,-,A,A,A,A,-,A,B,A,B,B,B,B,B,B,B,B,B,B,B,B,B,B,B,B,B,B,B,B,B,A,A,A,A,A,A,A,A,A,A,A,A,A,A,A,B,B,A,A,A,A,A,A,A,A,H,H,H,H,H,H,H,B,H,H,H,B,B,B,B,B,B,B,B,B,B,A,A,A,A,A,A,A,A,A,A,A,A,A,A,A,A,A,A,A,A,A,A,A,B,B,B,B,B,B,B,B,B,B,B,B,B,B,B,A,A,A,B,B,B,A,A,A,A,A,A,A,A,A,A,A,A,A,B,B,B,A,A,A,A,A,A,A,A,A,A,A,A,A,A,A,A,A,H,H,H,A,A,A,A,A,B,B
91.44847609,A,A,A,A,A,A,-,A,A,A,A,A,A,H,H,-,A,A,A,A,A,A,A,A,A,A,A,A,A,A,A,A,A,A,A,A,A,A,A,A,A,A,A,A,A,A,A,A,A,A,A,A,A,-,A,A,A,A,A,A,A,A,-,A,A,A,A,A,A,A,A,A,A,A,A,A,-,A,A,A,A,A,A,A,A,A,A,-,B,B,B,B,B,A,-,A,A,A,A,A,B,B,A,A,A,A,A,A,A,A,A,A,A,A,A,A,A,A,A,A,A,A,A,A,A,A,A,A,A,A,A,A,A,A,A,A,B,B,B,B,B,-,B,B,B,B,B,B,B,B,B,A,A,A,A,A,A,A,A,A,B,B,B,A,A,A,A,A,A,A,A,A,A,A,A,A,A,B,B,B,B,B,B,B,B,B,B,B,B,B,A,A,A,A,A,A,A,A,A,A,A,A,A,A,A,A,A,A,-,A,A,A,A,A,A,A,A,A,A,A
110.1839991,A,A,A,A,A,A,A,A,A,A,H,H,B,B,B,B,A,A,A,B,A,A,A,A,A,A,A,A,A,A,A,A,A,A,A,A,A,A,A,A,A,A,A,A,A,A,A,-,A,A,A,A,A,A,A,A,A,B,B,B,A,A,A,A,A,A,A,A,A,A,A,A,A,A,B,B,B,A,A,A,A,A,A,A,A,A,A,A,H,A,A,A,A,A,A,A,A,A,A,A,B,B,B,B,B,B,B,B,B,B,B,B,B,B,B,B,A,A,A,A,A,B,B,B,B,B,B,-,B,B,B,B,B,A,A,B,A,A,B,B,B,B,B,B,B,B,B,B,B,B,B,B,B,B,B,B,B,B,B,B,B,B,B,B,B,B,B,-,B,B,B,B,B,B,B,B,-,H,H,H,H,H,H,H,H,B,B,B,B,B,A,B,B,B,B,B,B,B,B,B,B,B,B,B,B,B,B,B,B,B,B,B,B,B,B,-,B,A,A,A
87.67222793,B,B,B,B,B,B,-,B,B,B,B,B,B,B,B,B,B,B,B,B,B,B,B,B,B,B,B,B,B,-,B,B,B,A,A,B,-,A,A,A,B,B,B,B,B,B,B,B,B,B,B,B,B,B,B,B,A,A,A,A,B,B,B,B,B,A,A,A,-,A,A,-,A,A,A,A,A,A,A,A,A,A,A,A,A,A,A,A,A,A,A,A,A,A,A,A,-,B,A,A,A,A,A,A,A,A,A,A,A,A,A,A,A,A,A,A,A,A,A,A,A,A,A,A,A,A,A,A,A,A,A,A,A,A,A,A,A,A,-,A,A,A,A,A,A,B,B,B,B,B,B,B,B,B,B,B,B,B,B,B,A,A,A,-,A,A,A,A,A,A,A,A,A,B,B,B,B,B,B,B,B,B,B,B,B,B,B,B,B,B,B,B,B,B,B,B,B,B,B,B,B,B,B,B,B,B,A,A,H,H,B,B,B,-,B,B,B,B,B,B
98.8833766,B,B,A,A,A,A,A,A,A,A,A,B,B,B,B,B,A,A,A,A,A,A,H,B,B,B,B,B,B,B,B,B,B,A,A,A,A,A,-,A,A,A,A,A,A,A,A,A,A,A,A,A,B,B,B,B,B,B,B,B,B,B,B,B,B,A,A,A,A,A,A,A,B,H,H,A,A,A,-,A,A,B,B,B,B,A,A,A,A,B,B,B,B,A,A,A,A,A,A,A,A,A,B,B,B,B,B,B,B,B,B,B,B,B,B,B,B,B,B,B,B,B,B,B,B,B,B,B,-,B,B,B,B,A,A,B,B,B,B,B,B,B,B,B,B,B,B,-,B,B,B,B,B,B,-,A,A,A,A,-,B,B,A,A,A,A,A,A,A,A,A,A,A,A,A,A,B,B,B,B,B,B,B,-,B,B,B,B,A,A,B,B,B,B,B,B,B,A,A,A,A,A,A,A,A,A,A,A,A,A,A,A,A,A,A,A,A,A,B,B
95.17463176,B,B,A,A,A,A,A,A,A,A,A,A,B,B,B,B,B,A,B,B,B,H,A,A,A,A,A,A,A,A,A,A,-,A,A,A,B,B,B,B,B,B,B,B,B,B,B,B,B,H,H,H,A,A,A,A,A,A,A,A,A,A,A,A,A,A,A,B,A,A,A,A,A,A,A,A,A,A,H,-,H,A,A,A,A,A,A,A,A,A,A,A,A,A,A,A,A,A,A,A,A,A,A,A,-,A,A,B,B,B,B,B,B,B,B,B,B,A,A,A,A,A,A,A,A,A,A,A,A,A,A,A,A,B,B,B,B,B,B,B,B,B,B,B,B,B,B,A,A,A,A,A,A,A,A,A,A,A,A,A,A,A,B,B,B,B,B,-,B,B,-,B,B,-,B,B,B,B,B,B,B,-,A,A,A,A,A,A,A,A,A,A,A,A,A,A,B,B,B,B,B,B,B,B,B,B,B,B,B,B,B,B,B,B,B,B,B,A,A,A
63.57972202,A,A,A,B,B,B,B,B,A,A,-,A,A,A,A,A,A,A,A,A,A,A,A,A,A,A,A,A,A,A,A,A,A,A,A,A,A,B,B,B,A,A,A,A,A,A,B,B,B,B,B,B,B,B,B,B,B,B,B,B,B,B,B,B,B,A,A,A,A,A,B,-,A,A,A,A,A,A,A,A,A,A,B,B,B,B,B,B,B,B,B,-,B,B,B,B,B,H,B,B,B,B,B,A,B,B,A,A,A,A,A,A,A,A,A,A,A,A,A,-,B,B,B,B,B,B,B,B,B,B,B,B,B,A,A,A,A,A,-,A,A,A,A,A,A,A,A,A,A,A,A,A,A,A,A,H,A,A,A,A,A,A,A,B,B,B,B,B,A,A,A,-,A,A,-,A,A,B,B,A,A,A,A,A,A,A,A,A,A,B,A,A,A,A,A,A,A,A,-,B,B,B,B,B,B,B,B,B,B,B,B,B,B,B,B,B,B,B,B,B
126.9696403,B,B,B,B,-,B,B,B,B,B,B,H,B,B,B,B,B,B,B,B,B,B,B,A,B,-,B,B,B,B,B,B,B,B,B,B,B,B,B,B,B,B,A,-,A,A,A,B,B,B,B,B,B,B,B,B,B,B,B,-,B,B,B,B,B,B,B,B,B,B,B,B,B,B,B,B,B,B,B,B,B,B,B,B,B,B,B,B,B,B,B,B,B,B,B,B,B,B,B,B,B,B,B,B,B,B,B,B,B,B,B,B,B,B,B,B,B,B,B,B,B,-,B,-,B,B,B,B,B,B,B,B,B,B,A,B,H,H,A,A,A,A,A,A,A,A,A,A,A,A,A,A,A,A,A,A,A,A,A,A,B,B,A,A,A,A,A,A,A,A,A,-,A,B,B,B,B,B,B,A,B,B,B,B,B,B,B,B,B,B,B,B,B,-,B,B,B,B,B,B,B,B,B,B,B,B,B,B,B,B,A,A,A,A,A,A,A,A,B,A
59.52793443,A,A,A,A,A,A,A,A,A,A,A,A,A,A,A,A,A,A,A,A,A,A,A,B,B,B,B,B,B,B,B,B,-,B,B,-,B,B,B,B,B,B,B,A,A,A,A,A,B,B,B,A,A,A,A,A,B,B,B,A,A,B,B,B,B,B,B,B,B,B,A,A,A,A,A,A,A,A,A,A,A,A,A,A,A,A,A,B,B,B,B,B,B,B,B,B,B,B,B,B,B,B,B,B,B,B,B,B,B,B,B,B,B,B,B,B,A,A,A,A,A,A,A,A,A,A,A,A,A,A,A,A,A,B,B,B,B,B,B,B,B,B,B,B,B,B,H,H,H,A,-,B,A,A,A,A,A,A,A,A,A,A,H,B,B,B,A,A,A,A,B,B,B,B,-,B,B,B,B,B,B,B,B,B,B,B,A,B,B,B,A,A,-,A,A,A,-,A,A,A,A,B,B,B,B,B,B,B,B,B,B,B,B,B,B,B,B,B,B,B
92.63318945,A,A,A,A,A,A,A,A,A,A,A,A,A,A,A,A,A,B,B,B,B,B,B,B,B,B,B,B,B,B,B,-,B,B,B,B,B,B,B,B,-,B,B,-,B,B,B,B,-,B,B,B,B,B,B,B,B,B,B,B,B,A,B,B,A,A,H,A,B,B,B,B,B,B,B,B,B,B,B,B,B,B,B,B,B,B,B,B,B,B,B,B,B,B,B,B,B,B,B,B,B,B,B,B,B,B,B,B,B,B,B,B,B,B,B,B,B,B,B,B,B,B,B,B,B,B,-,B,B,B,B,B,B,A,B,B,B,B,B,B,B,B,B,A,A,A,A,A,A,B,B,B,B,B,-,B,A,A,B,B,A,A,A,A,A,A,A,A,A,A,A,A,A,A,A,A,A,A,A,A,A,A,A,A,A,B,B,B,B,B,B,B,B,B,B,B,B,B,B,B,B,B,B,B,B,B,B,B,B,B,B,B,B,B,B,B,B,B,B,B
116.7845497,A,A,A,A,A,A,A,B,B,B,B,B,A,A,A,A,B,H,A,B,B,B,B,B,B,B,B,B,B,B,B,B,B,B,B,B,B,B,B,B,A,A,A,B,B,H,A,A,A,A,A,A,A,A,A,A,A,A,A,A,A,A,A,A,A,B,B,B,B,B,B,B,B,B,B,B,B,B,B,B,B,B,A,A,A,A,A,B,B,B,B,B,B,B,B,B,B,B,B,B,B,B,A,A,A,A,A,A,B,B,B,B,B,B,B,B,B,B,B,B,B,B,B,B,B,B,B,B,B,B,B,-,A,B,B,B,B,B,B,B,B,B,B,B,B,B,B,B,B,-,B,B,B,B,B,B,B,A,A,A,B,B,B,B,B,-,-,A,H,A,A,A,A,A,A,A,B,A,A,A,A,B,B,B,B,A,A,A,A,A,B,B,B,-,B,B,A,B,B,B,B,B,B,B,B,B,B,B,B,B,B,A,A,A,A,A,A,A,B,B
80.74672582,B,B,B,A,A,A,A,A,A,A,A,B,B,B,B,B,A,A,B,H,H,H,H,B,B,B,B,B,B,B,H,H,H,H,A,A,A,A,A,A,B,B,B,B,B,B,B,B,B,B,B,B,B,B,B,B,A,A,A,A,A,A,A,A,B,B,H,H,A,B,B,B,B,-,A,A,A,A,B,B,B,B,A,A,A,A,A,B,H,B,B,B,B,B,B,B,B,B,B,B,B,-,A,A,B,B,B,B,B,B,B,B,B,B,B,B,B,B,B,B,B,A,A,A,A,A,B,B,B,B,B,B,B,B,B,B,B,-,B,B,B,B,B,B,B,B,A,A,A,-,B,B,A,A,A,A,A,A,-,A,A,A,A,A,A,A,A,A,A,A,A,B,B,B,B,B,B,A,A,A,A,A,A,A,A,B,B,B,B,-,A,A,A,A,A,A,A,A,-,A,A,A,A,A,A,A,A,A,A,A,A,A,A,A,A,A,A,A,A,A
108.144086,B,A,A,A,A,A,A,A,B,B,B,B,B,-,B,B,B,-,B,B,B,B,B,B,B,B,B,B,B,B,B,B,B,B,B,B,B,B,B,B,B,B,B,B,A,A,A,A,A,A,A,A,A,A,A,A,A,A,A,B,B,B,B,B,A,A,A,A,A,B,B,B,B,B,B,B,B,B,B,B,B,B,B,B,B,B,B,B,B,B,B,B,B,-,B,B,B,B,B,B,B,-,A,A,A,A,A,A,A,A,A,A,B,B,B,B,B,B,B,B,B,B,B,B,B,B,B,B,B,B,B,B,B,A,A,A,A,A,-,A,-,A,A,A,A,A,A,A,A,A,A,A,A,A,A,A,A,A,A,A,B,B,B,B,B,B,B,B,B,B,B,B,B,B,A,-,A,B,-,B,B,B,B,B,A,A,A,A,A,A,-,A,A,B,B,B,B,B,B,B,B,B,B,B,B,B,B,-,B,B,-,B,A,A,A,-,A,B,B,B
76.44412177,-,A,A,A,A,A,A,A,A,A,A,A,A,A,A,A,A,A,A,A,A,A,A,A,B,B,B,B,B,B,B,B,A,A,A,A,A,A,A,A,A,A,A,A,A,A,A,A,A,A,A,A,A,A,A,B,B,B,B,A,A,A,A,A,A,B,B,B,B,B,A,A,A,A,A,A,A,A,A,A,A,-,A,A,A,B,B,B,B,A,A,A,A,A,A,A,A,A,A,A,A,A,-,B,-,B,B,B,B,B,B,B,A,A,A,A,A,A,A,A,A,A,B,B,B,B,B,B,B,B,B,B,B,A,A,B,B,B,B,B,B,B,B,A,A,A,A,A,A,A,A,A,A,A,A,A,A,A,A,A,-,B,-,A,A,A,A,A,A,A,A,A,A,A,A,A,B,B,B,B,B,B,B,B,B,A,A,B,-,B,A,A,A,A,A,A,A,A,A,A,A,A,A,A,A,A,A,A,B,B,B,B,B,B,B,A,A,A,B,B
59.35048016,A,A,A,A,A,A,A,A,A,A,A,A,A,A,A,A,A,A,A,A,A,A,A,A,A,A,A,A,A,A,B,B,-,B,B,B,B,B,B,B,-,B,B,B,B,A,-,A,A,A,A,A,A,A,A,A,B,B,A,A,A,B,A,A,A,A,A,A,A,A,A,A,A,A,A,A,A,A,A,A,A,A,A,A,A,A,A,A,A,A,A,A,A,B,B,B,B,B,B,B,B,B,A,A,A,A,A,A,A,A,A,A,A,A,A,A,A,A,A,A,A,A,A,A,A,B,B,B,B,B,B,-,B,B,B,-,B,B,A,A,A,B,B,B,B,B,B,B,B,B,B,-,B,B,B,B,B,B,B,B,B,B,A,A,A,A,A,A,-,A,A,A,A,A,A,A,A,A,A,A,A,A,A,A,B,B,-,B,B,B,A,A,A,A,A,A,A,A,A,A,A,A,A,A,A,A,A,A,A,A,A,A,A,A,A,A,A,A,A,A
118.1804113,B,B,B,A,A,A,A,B,B,A,A,A,A,A,A,B,B,B,B,B,B,A,A,B,B,B,B,B,B,B,B,B,B,B,B,B,B,B,B,B,B,B,B,A,A,A,B,B,B,B,B,B,B,B,B,B,B,B,B,B,A,A,A,A,A,B,B,A,B,B,B,B,B,B,B,A,A,A,A,A,-,A,A,A,A,A,B,B,B,B,B,B,B,A,A,A,A,-,A,A,A,A,B,A,A,A,B,B,B,B,B,B,B,B,B,B,B,B,B,B,A,A,A,A,A,A,A,A,A,A,A,A,-,B,B,B,B,B,A,A,A,A,A,B,B,B,A,A,A,A,A,A,A,B,B,B,B,B,B,B,B,B,A,A,A,A,A,A,A,A,A,B,B,B,B,B,A,A,A,A,A,A,A,A,B,A,A,A,A,A,A,A,A,A,A,A,A,B,B,-,B,B,B,B,B,B,B,B,B,B,B,A,A,A,A,-,A,A,B,B
111.1659753,A,A,A,-,A,A,A,B,A,A,A,-,A,A,A,A,B,B,B,B,A,A,B,A,A,A,A,A,A,A,A,A,A,A,A,A,A,A,A,A,A,A,A,A,A,-,A,B,B,B,B,B,B,A,A,A,A,A,A,B,B,B,B,B,B,B,A,A,A,A,A,A,A,A,A,A,A,A,A,A,A,A,A,A,A,A,A,B,B,B,A,A,A,B,B,B,B,A,A,A,A,A,A,A,A,A,A,A,A,A,A,A,A,A,A,A,A,B,B,B,A,A,A,A,A,A,B,B,B,B,B,B,B,B,B,B,B,B,B,B,B,B,B,B,H,A,A,A,A,A,H,H,B,B,B,B,B,B,B,B,B,B,A,H,H,H,H,H,H,A,H,A,A,H,H,A,A,A,A,A,A,A,A,A,-,A,A,B,B,B,B,B,B,B,H,H,H,B,B,B,A,A,A,A,A,A,A,A,A,A,B,B,B,B,A,A,A,A,A,A
61.93140998,B,B,B,B,-,A,A,A,H,H,H,B,B,B,A,A,B,B,A,A,A,A,A,H,H,H,A,A,A,A,A,A,A,A,A,A,A,A,A,A,A,A,-,A,A,A,A,A,A,A,A,A,A,A,A,A,A,A,B,B,A,B,B,B,B,B,A,A,B,B,B,B,B,B,B,B,A,A,A,A,A,A,A,A,A,A,A,B,B,A,A,A,A,A,A,A,A,-,A,A,A,-,B,B,B,B,B,B,B,B,B,B,B,B,B,B,B,B,B,B,A,A,A,A,A,A,A,A,B,B,-,A,A,A,B,A,A,-,B,B,B,B,B,B,B,B,B,B,B,B,B,B,B,B,B,B,B,B,B,B,B,B,B,B,B,B,B,B,B,B,B,B,B,B,B,B,B,B,B,A,A,A,A,A,-,A,B,B,B,B,A,A,A,A,A,A,A,B,-,B,B,B,B,B,B,B,B,B,B,B,A,B,B,B,B,B,B,B,B,B
102.1457596,-,B,B,B,B,B,B,B,B,B,B,B,B,B,B,B,B,B,B,B,B,B,B,B,B,B,B,B,B,B,B,B,B,B,-,B,B,B,B,B,B,B,B,B,B,-,B,B,B,B,B,B,B,B,B,B,B,B,B,B,B,B,B,B,A,A,A,A,A,A,A,A,A,A,A,A,B,B,B,B,B,B,A,A,A,A,A,-,A,A,A,A,A,A,A,A,-,B,A,A,A,A,A,A,A,A,A,A,A,-,A,A,A,A,A,A,A,A,A,A,B,B,B,B,B,B,B,B,B,B,B,B,B,B,B,B,B,B,A,A,A,A,A,A,A,A,A,A,A,A,A,B,B,B,B,B,B,B,B,B,B,B,A,A,A,A,A,A,A,A,A,A,A,A,A,A,A,A,A,-,B,B,B,B,B,B,B,B,B,B,B,B,B,B,B,B,B,B,A,A,A,A,A,A,A,A,-,B,B,B,B,B,A,A,A,A,A,A,B,B
90.24288565,B,B,B,B,B,B,B,B,B,B,B,B,B,B,B,B,B,B,B,B,B,B,B,A,A,A,A,A,A,A,A,A,A,A,A,A,A,A,A,A,A,A,A,A,A,A,A,A,A,A,A,A,A,A,A,A,A,A,-,B,B,B,-,B,A,B,B,B,B,B,B,B,B,B,B,B,A,A,A,A,A,A,A,A,A,A,A,A,A,B,B,B,B,B,B,B,B,B,B,B,B,B,B,B,B,B,B,B,B,B,B,B,A,A,A,A,A,A,A,A,B,B,B,B,B,B,B,H,H,B,B,B,B,B,B,B,B,B,A,A,A,A,A,B,B,B,B,B,B,B,B,B,B,B,B,B,B,B,B,B,B,B,B,B,B,B,B,B,B,B,B,B,B,B,B,B,B,A,A,A,A,A,A,A,A,A,A,A,A,A,A,A,A,A,A,A,A,A,A,A,A,A,A,A,A,A,A,A,A,A,B,B,B,B,-,A,H,A,B,B
113.0785452,B,B,B,B,B,B,B,B,B,B,B,B,B,B,B,B,B,B,B,B,B,B,B,B,B,B,B,B,B,B,B,B,B,B,B,B,B,A,-,B,A,A,A,B,B,B,B,B,B,B,B,B,B,B,B,B,B,B,B,B,B,A,A,A,A,B,B,B,B,B,B,B,B,B,-,B,B,B,B,B,B,B,B,B,B,B,B,B,B,B,B,B,B,B,B,B,B,B,B,B,A,A,A,A,A,-,A,A,A,A,A,A,A,A,A,A,A,B,B,B,B,B,B,B,B,B,B,B,B,B,B,B,A,A,B,B,B,B,-,B,B,B,B,B,B,B,B,B,B,B,B,A,A,A,A,-,A,A,A,A,-,A,B,B,H,H,H,H,B,B,B,H,H,A,A,A,A,A,A,-,A,A,A,A,A,A,A,A,A,A,B,B,B,B,B,H,H,H,H,H,H,H,H,H,H,A,A,A,A,A,A,B,B,B,B,B,B,B,B,B
119.5352721,A,B,B,A,A,A,A,A,B,B,B,B,B,B,B,B,B,B,-,A,A,A,A,A,A,A,A,-,A,A,A,A,A,B,B,B,B,B,B,B,A,A,-,A,A,A,A,A,A,A,A,A,A,-,A,A,A,A,A,A,A,B,B,-,A,B,B,B,B,B,B,B,B,B,B,B,B,B,B,B,B,B,B,B,B,B,B,B,B,B,B,B,B,B,B,B,A,A,A,B,B,B,A,A,A,A,A,A,A,A,A,A,B,B,B,B,B,B,B,A,A,A,A,B,B,B,B,B,B,B,B,B,B,B,A,H,H,H,A,A,A,B,B,B,B,B,B,B,B,B,B,B,B,B,B,B,B,B,B,B,A,A,B,B,B,A,A,A,A,A,A,B,B,B,B,B,B,B,B,B,B,A,A,A,A,A,A,A,A,A,A,A,A,A,A,A,A,A,B,B,B,B,B,B,B,B,B,B,-,B,B,B,B,B,-,B,B,B,-,A
105.9554004,A,A,A,A,A,A,-,A,A,A,A,A,A,A,A,A,A,A,B,A,A,A,A,A,A,A,A,A,A,A,A,A,A,A,A,A,A,A,A,A,A,A,A,A,A,A,A,A,A,A,A,A,A,A,A,A,A,A,A,A,B,B,B,B,B,B,A,A,A,A,A,A,A,A,A,A,A,A,-,A,A,A,A,A,A,B,B,A,A,A,-,A,A,A,A,A,A,A,-,A,A,A,B,B,A,A,A,A,A,A,A,A,A,A,A,A,A,A,A,A,B,B,B,B,B,B,B,B,B,B,B,A,A,A,A,A,A,A,A,A,A,B,B,B,B,B,B,B,B,B,B,B,B,B,B,B,B,B,B,B,B,B,A,A,A,A,A,A,A,A,A,A,A,A,A,A,A,A,A,A,A,A,A,A,A,A,A,A,A,A,A,A,A,A,A,A,A,A,A,B,B,B,B,B,B,B,B,B,A,A,B,B,B,B,B,B,B,B,B,-
112.7361536,B,A,A,A,A,A,A,A,A,A,A,A,A,A,B,B,B,B,A,A,A,A,A,A,A,A,A,A,A,A,A,A,A,A,A,A,A,A,A,A,A,-,A,B,B,A,A,A,A,A,A,A,B,B,B,B,A,A,B,B,B,B,-,A,A,-,A,B,B,B,B,B,B,B,B,A,A,A,A,A,A,A,-,A,A,B,B,B,B,B,B,B,B,A,A,A,A,A,A,A,A,A,A,A,A,A,A,B,B,B,B,B,-,B,B,B,B,B,B,B,B,B,-,B,B,B,B,B,B,A,A,B,B,B,B,B,B,B,B,B,B,B,A,A,A,B,B,B,B,B,B,-,B,B,B,B,B,B,B,B,B,B,B,B,B,B,B,B,B,B,B,B,B,B,B,B,B,B,B,B,B,B,B,B,B,B,B,B,A,-,A,A,A,A,A,A,A,A,A,A,A,A,A,A,A,A,B,B,B,A,B,B,B,B,B,B,B,B,B,B
53.50107845,A,A,A,A,A,A,A,A,A,A,A,A,-,A,A,A,-,-,B,B,B,B,B,B,B,B,B,B,B,-,B,B,B,B,B,B,B,B,B,B,B,B,B,B,B,B,B,B,B,B,B,B,B,B,B,B,B,B,B,B,B,B,B,B,B,H,B,B,B,B,B,B,B,B,B,B,B,B,B,B,B,-,B,B,B,B,B,B,B,B,B,B,B,B,B,B,B,B,B,B,B,B,A,A,A,A,A,A,A,A,A,A,A,A,A,A,A,A,A,A,A,A,A,A,A,A,A,A,A,A,A,A,A,B,B,B,-,A,A,A,A,H,H,H,-,H,B,B,B,B,B,B,B,B,B,B,B,B,-,B,B,B,B,B,B,B,B,B,B,B,B,B,B,B,B,B,A,A,A,A,A,A,A,A,-,A,A,A,A,A,B,B,B,B,B,B,B,B,B,B,-,B,B,B,B,B,A,A,A,A,A,A,A,A,A,A,A,A,A,A
98.75897171,A,A,B,B,B,B,B,B,-,A,A,A,A,A,A,A,A,A,B,B,B,B,B,A,A,A,A,A,A,A,A,A,A,A,A,A,A,A,B,B,B,B,B,B,B,B,B,B,B,-,B,B,A,A,H,H,H,H,H,H,A,B,B,B,B,A,B,B,B,B,B,-,B,B,B,B,B,B,B,B,B,B,B,-,B,B,B,B,B,B,B,B,B,A,A,A,A,A,A,A,A,A,A,A,A,A,A,A,A,A,A,A,A,A,-,A,A,A,A,A,A,A,A,A,A,A,A,A,A,A,A,A,A,B,B,B,B,B,A,A,A,A,A,A,A,A,B,B,B,B,B,B,B,B,B,A,A,A,H,H,A,A,B,B,B,B,B,B,B,B,B,B,B,B,B,B,B,B,B,B,B,B,B,B,B,B,B,B,B,B,B,H,B,H,H,H,H,B,B,B,B,B,B,B,B,B,B,B,B,B,B,B,B,B,B,B,B,B,B,B
88.53180927,B,B,B,B,B,B,-,B,B,B,B,B,A,B,B,B,B,B,B,B,B,B,B,B,B,-,B,B,B,B,B,B,B,B,B,A,A,A,A,A,B,-,B,B,B,B,B,B,B,B,B,B,B,B,B,B,A,A,A,A,A,A,A,A,A,A,A,A,A,A,A,A,-,A,A,A,A,A,A,A,A,A,A,-,A,A,A,B,B,B,B,B,B,B,B,B,B,B,B,B,B,B,A,A,A,B,B,B,B,B,B,B,B,B,B,B,B,B,B,B,B,B,B,B,B,B,B,B,B,B,B,B,B,A,A,A,A,A,A,A,A,A,A,-,A,A,A,A,A,A,A,A,A,A,A,A,A,A,-,A,A,A,B,B,B,B,B,-,B,B,B,B,B,B,B,B,H,A,A,B,B,A,A,A,A,A,A,B,B,B,B,B,B,B,B,B,B,B,B,B,B,B,B,-,B,B,B,H,H,B,A,A,A,A,A,A,A,A,B,B
56.60446586,B,B,B,B,B,B,B,B,B,B,B,B,B,A,A,A,A,A,A,A,A,A,A,A,A,A,A,A,A,A,B,B,B,B,B,B,B,B,A,A,B,B,B,B,B,B,B,B,B,B,B,B,B,B,B,B,B,-,B,B,B,B,B,B,B,A,-,B,B,B,B,B,B,-,B,B,B,B,B,B,B,B,-,B,B,B,B,B,B,B,B,B,B,B,B,B,B,B,B,B,B,B,B,B,B,B,B,B,B,B,B,B,A,A,A,A,A,A,A,A,A,B,B,B,B,B,B,B,B,B,B,B,B,B,B,B,B,B,B,B,B,B,B,A,A,A,A,A,A,A,A,A,A,A,A,A,B,B,H,H,A,A,B,B,B,B,B,B,B,B,B,B,B,B,B,B,B,A,A,A,A,B,B,B,B,B,B,B,B,B,B,B,B,B,A,A,A,A,A,A,A,A,A,A,A,A,A,A,A,A,A,A,A,A,A,A,A,A,A,A
89.04824067,A,A,-,A,A,A,A,A,A,A,A,A,A,A,A,A,A,A,A,B,B,B,B,B,B,B,B,B,B,B,-,B,B,B,A,A,A,A,B,B,B,B,B,B,A,A,A,A,A,A,A,A,B,B,B,B,B,B,B,B,B,B,B,B,B,A,A,A,A,A,A,A,A,A,A,A,A,A,A,A,A,A,A,A,A,A,A,A,A,H,A,H,H,B,-,B,B,H,B,A,A,A,B,B,B,A,A,A,A,A,A,A,A,A,A,A,A,A,A,A,A,A,A,A,A,A,A,A,A,A,A,A,A,A,A,A,A,A,A,A,A,A,A,A,A,A,A,A,A,A,A,A,A,A,A,A,A,A,A,A,A,A,B,B,B,B,B,B,B,B,B,B,B,B,B,B,B,A,A,A,A,A,A,A,B,B,B,B,B,B,H,H,H,H,H,H,H,B,B,A,A,A,A,A,A,A,A,A,A,B,B,B,B,B,A,A,A,B,B,B
50.40799166,B,B,B,B,B,B,B,B,A,A,A,A,A,A,A,A,A,A,A,A,A,A,A,B,B,B,B,B,B,B,B,B,B,B,B,B,B,B,B,B,B,B,B,B,B,B,B,B,B,B,B,B,B,B,B,B,B,B,B,B,B,B,B,B,B,A,A,A,A,A,A,A,A,A,A,A,A,A,A,A,A,A,B,B,B,B,B,B,B,B,B,B,B,A,A,B,B,A,A,B,B,B,A,A,A,A,A,H,H,H,H,H,B,B,A,A,A,A,A,A,A,A,A,H,H,B,B,B,A,A,A,A,A,A,A,B,B,B,B,B,-,B,B,A,A,A,A,A,A,A,B,B,B,B,B,B,B,B,B,B,B,B,A,A,A,A,A,A,A,A,A,A,A,A,A,A,A,B,B,B,B,B,A,A,B,B,B,B,B,B,B,B,B,B,B,B,B,A,B,B,B,B,B,B,-,A,A,A,A,A,A,A,A,A,A,A,A,B,B,B
112.4728289,A,A,B,B,B,B,B,B,B,B,B,B,B,B,-,B,-,B,B,B,B,B,B,B,B,B,B,B,B,B,B,B,B,B,B,B,B,B,B,B,B,B,B,-,B,B,B,B,B,B,B,B,A,A,-,A,A,A,A,A,B,B,B,B,B,B,-,B,B,B,B,-,B,B,B,B,B,B,B,B,B,B,B,B,A,A,A,A,A,A,A,A,A,A,A,A,A,B,B,B,B,B,A,A,A,A,A,H,H,H,H,H,H,A,A,A,A,B,B,B,B,A,A,A,A,B,B,-,B,B,A,A,B,B,B,B,B,B,B,B,B,B,B,B,B,B,B,B,B,B,B,B,A,A,A,-,A,A,A,A,-,A,A,A,A,A,A,A,A,A,A,A,A,-,A,A,A,-,B,B,B,A,A,A,A,A,A,A,A,A,B,B,A,A,B,B,B,B,B,A,A,A,A,A,A,A,A,A,A,A,B,B,B,-,B,B,B,-,B,B
80.3692745,B,-,B,B,B,B,B,A,A,A,A,A,A,A,A,A,A,A,B,B,B,B,B,B,-,B,B,B,B,B,B,B,B,B,B,B,B,B,B,B,B,-,B,B,B,B,B,B,B,B,B,B,B,B,B,B,A,B,B,B,-,B,B,B,B,B,A,A,A,A,A,A,A,A,A,A,A,A,A,A,A,A,A,A,A,A,A,A,A,B,B,B,B,B,B,B,B,B,B,B,B,B,B,B,A,A,A,A,A,A,A,A,A,A,A,A,A,A,A,A,A,A,B,B,B,B,B,B,B,B,B,B,B,A,B,A,A,A,B,A,A,-,A,B,B,-,B,B,A,B,B,-,A,A,B,A,A,A,A,A,A,A,A,A,H,H,H,H,A,A,A,A,A,-,A,A,A,A,A,A,A,A,A,A,A,A,A,A,A,A,B,B,A,A,A,A,A,A,A,A,A,A,A,A,A,A,B,B,-,B,B,B,B,B,B,B,B,B,B,B
50.12165812,H,H,H,A,A,A,A,A,A,A,A,A,-,A,A,A,A,A,A,A,A,A,B,B,B,B,B,B,B,B,B,B,B,B,B,B,B,B,B,B,B,B,B,B,B,B,B,B,B,B,B,B,B,B,B,B,B,B,B,A,A,A,A,A,B,B,B,A,B,B,B,B,B,B,B,B,B,B,B,B,A,A,A,A,A,B,B,B,B,B,B,B,B,B,B,B,-,B,A,A,A,A,B,B,B,B,B,B,B,B,B,B,A,A,A,A,A,A,A,A,A,A,A,A,A,A,B,B,B,B,B,B,B,A,A,A,A,A,A,A,A,A,A,A,A,A,A,A,A,A,A,A,A,A,A,A,A,A,A,A,A,B,B,B,B,B,B,-,B,B,B,B,B,B,B,B,B,B,B,B,B,B,B,B,B,-,B,B,B,B,B,B,B,B,B,B,B,B,B,B,B,B,B,B,B,B,B,B,B,B,B,B,B,B,B,B,B,B,B,B
65.95583215,A,A,A,A,A,A,A,A,A,A,A,A,A,A,-,A,A,A,A,A,A,B,B,B,B,B,B,B,B,B,B,B,B,B,B,B,B,B,B,B,B,B,B,A,A,A,A,A,A,A,A,A,A,A,A,A,A,A,A,A,A,B,B,B,A,B,B,B,B,B,B,B,B,B,B,B,B,A,A,A,A,A,A,A,A,A,A,A,A,A,A,A,A,B,B,B,B,B,B,B,B,B,A,A,A,A,A,A,A,A,A,A,A,A,A,A,A,A,A,A,B,B,B,B,B,B,B,B,B,B,B,B,B,A,A,A,A,A,A,A,A,A,A,A,A,A,A,A,A,A,A,A,A,-,A,A,A,A,A,A,-,B,A,A,A,A,A,A,A,A,B,B,B,B,B,-,B,B,B,B,B,B,B,B,B,B,B,B,B,B,B,B,B,A,A,B,B,B,B,B,B,A,A,A,B,B,B,B,A,A,A,A,A,A,A,A,A,A,A,A
69.93579893,B,B,B,B,B,B,B,B,B,B,B,B,B,B,B,B,A,A,A,A,A,A,A,B,B,B,B,B,B,B,B,B,B,B,B,A,A,A,A,B,B,B,B,B,B,B,B,B,A,B,B,B,B,B,B,B,B,B,B,B,A,A,A,A,A,A,A,A,A,A,A,A,A,-,A,A,A,B,B,B,B,B,B,B,B,A,A,A,A,B,B,B,B,B,B,B,B,B,B,B,A,A,A,A,B,B,B,B,B,B,B,B,B,B,B,A,A,A,A,A,-,H,B,B,A,A,A,A,A,A,A,A,A,B,B,B,B,B,B,B,B,B,B,A,A,A,A,A,A,A,A,B,B,B,B,B,B,B,B,B,B,B,A,A,A,A,A,A,A,A,A,A,A,A,A,A,A,H,H,B,B,B,B,B,B,B,B,B,B,B,A,A,A,A,A,A,-,A,A,A,A,A,A,A,A,A,A,A,B,B,B,B,B,B,B,B,B,B,B,B
101.8629343,A,A,A,A,A,A,A,A,B,B,B,A,A,A,A,B,B,B,B,B,B,B,B,A,A,A,A,B,B,B,B,B,A,A,A,A,A,A,A,A,A,A,A,B,B,B,B,B,B,B,B,B,A,A,A,-,A,A,A,A,A,A,A,A,A,A,A,A,B,B,B,B,B,B,B,B,B,B,B,B,B,B,B,B,B,B,B,B,B,B,B,B,B,B,B,B,B,A,A,-,A,A,A,A,A,A,A,A,A,A,A,A,B,B,B,B,B,B,B,B,B,B,B,B,B,B,B,B,-,B,B,B,B,A,A,A,A,A,B,B,B,B,B,B,B,B,B,B,B,B,B,B,B,B,B,B,B,B,B,B,A,A,A,B,B,B,B,B,B,B,B,B,B,B,B,B,B,B,B,B,B,A,A,A,A,A,A,A,A,A,A,A,A,A,A,A,A,A,A,A,A,A,A,A,A,A,A,A,A,A,A,A,A,A,A,A,A,A,A,A
56.97268131,A,A,A,A,A,A,A,A,A,A,A,A,A,B,B,B,B,B,-,A,A,A,A,H,H,B,B,H,H,H,B,-,-,B,-,B,B,B,B,B,B,B,B,B,B,B,B,B,B,B,B,B,B,B,B,B,A,A,A,A,A,A,A,A,-,A,A,A,A,A,A,-,A,A,A,A,A,A,A,A,A,A,A,A,A,A,A,A,A,B,B,B,B,B,B,B,B,B,B,B,B,B,B,B,B,B,A,A,A,A,A,A,-,A,A,A,A,A,A,A,A,B,B,B,B,A,A,A,A,-,A,A,A,B,B,B,B,B,B,B,B,B,B,B,B,B,B,B,B,B,B,B,B,B,A,A,A,A,A,A,B,B,B,B,B,B,B,B,B,B,B,B,B,B,B,-,B,B,B,B,B,B,B,B,B,B,B,B,B,B,A,-,A,A,A,A,A,A,A,A,A,A,A,A,A,A,A,A,A,A,A,A,A,A,A,A,A,A,B,B
112.9755567,A,A,A,A,A,A,A,A,B,B,A,A,A,A,A,A,A,A,A,B,B,B,B,B,B,B,B,A,A,-,A,A,A,A,A,A,A,A,A,A,A,A,A,B,B,A,A,A,A,A,A,A,A,A,A,A,A,A,A,A,B,A,B,B,B,B,B,B,B,B,B,B,B,B,B,B,B,B,-,-,B,B,B,B,B,B,B,A,A,A,A,A,A,A,A,A,A,A,A,A,A,A,A,A,B,B,B,B,B,B,B,-,B,B,B,B,B,B,-,B,B,B,B,A,A,B,B,B,B,B,B,B,A,B,B,B,B,B,B,B,B,B,B,B,B,B,B,B,B,B,B,B,B,B,B,B,B,B,B,B,B,B,A,A,A,A,A,A,A,A,A,A,A,A,A,A,A,B,B,B,B,B,-,B,A,B,B,-,B,B,B,B,B,B,B,B,B,B,B,B,B,B,B,B,B,A,A,A,H,A,-,A,A,A,A,A,A,A,A,A
111.8906834,B,B,A,A,A,A,-,A,A,A,A,A,A,A,A,A,A,B,B,A,A,A,B,B,B,B,B,B,B,B,B,B,B,B,B,A,A,A,A,A,A,A,A,B,B,B,B,B,B,B,B,B,B,B,B,B,B,B,B,B,B,B,B,B,B,B,A,A,B,B,B,-,-,B,B,-,B,B,B,B,A,A,A,A,A,A,A,A,A,A,A,-,A,A,A,A,A,A,A,A,A,A,A,A,B,B,A,A,A,A,A,A,A,A,A,A,A,B,A,B,B,B,B,B,B,B,B,B,A,A,A,A,A,A,A,A,A,A,A,A,A,A,A,A,A,A,A,A,A,A,A,A,A,A,A,-,A,A,A,A,A,A,B,B,B,-,B,B,B,B,B,A,A,A,A,B,B,B,B,B,B,B,B,B,B,B,A,B,B,-,A,A,A,A,A,A,A,A,A,A,A,A,A,A,A,A,B,B,B,B,B,H,A,A,A,A,A,A,B,B
137.80538,B,B,B,B,B,B,-,B,B,B,B,B,B,B,B,B,B,B,B,A,A,A,A,B,B,B,B,B,B,B,B,B,B,B,B,B,B,B,A,A,A,A,A,A,A,A,A,A,A,A,A,A,A,A,A,A,A,A,A,A,A,A,A,A,A,A,A,A,A,A,A,A,A,A,A,A,A,A,A,A,A,A,A,A,A,-,B,A,B,B,B,B,B,B,B,B,B,B,B,B,B,A,B,B,B,B,A,A,A,A,A,A,A,A,A,A,A,A,A,A,A,A,A,A,A,-,A,A,B,B,B,B,B,A,A,A,A,A,B,B,B,A,A,A,A,A,A,A,A,A,A,A,B,B,A,A,A,A,A,A,A,A,B,B,B,B,B,B,B,-,B,B,B,B,B,B,B,B,B,B,B,A,A,A,A,A,A,A,A,A,B,A,A,A,A,A,A,A,A,A,A,A,A,A,A,A,A,A,A,A,A,A,A,A,B,B,B,A,B,B
105.1146725,A,A,A,-,A,A,A,A,A,B,A,A,B,B,B,B,B,B,B,B,B,B,B,A,B,B,B,B,B,B,B,B,A,A,A,A,A,A,A,A,A,A,A,B,B,B,B,B,B,A,A,A,A,A,B,B,B,B,B,B,B,B,B,B,B,A,B,B,B,B,B,B,B,B,B,B,B,B,B,B,-,B,B,B,B,A,A,A,A,A,-,A,A,B,A,-,A,A,A,A,A,A,B,B,B,A,B,B,B,B,B,B,B,B,B,B,B,B,B,B,B,B,B,B,B,-,B,B,B,B,A,A,A,A,A,B,B,B,B,B,B,B,B,B,B,B,B,B,B,B,B,A,A,A,B,B,B,B,B,B,-,A,B,B,B,B,B,B,B,B,B,B,B,B,B,B,B,B,B,B,B,A,A,A,A,A,A,A,A,A,A,A,A,A,A,A,A,B,B,B,B,B,B,B,B,B,B,B,A,B,A,A,A,A,A,A,A,A,B,B
64.78322783,A,A,B,A,A,A,A,A,A,B,B,B,B,B,B,B,B,B,A,-,B,B,B,B,B,B,B,B,B,B,A,A,A,A,A,A,A,A,-,B,-,B,B,B,B,B,B,B,B,B,B,B,B,B,B,B,B,B,B,B,B,-,B,B,B,B,B,B,B,B,B,B,B,B,B,B,B,B,B,B,B,B,B,B,B,B,B,B,B,B,B,B,B,A,A,A,A,A,A,A,A,A,A,A,A,A,A,A,A,A,A,-,A,A,A,A,A,A,A,A,A,A,A,A,A,B,B,B,B,B,B,B,B,A,A,B,B,B,B,B,B,B,B,B,-,B,B,B,B,B,B,B,-,B,B,B,B,B,B,B,B,B,B,B,B,B,B,B,B,B,B,A,A,A,A,B,A,A,A,A,A,A,A,A,A,-,A,A,A,A,A,A,A,A,A,A,A,B,B,B,B,B,B,B,B,B,B,B,B,B,-,B,B,B,B,B,B,B,B,B
95.87418988,A,A,A,A,A,B,-,A,A,A,A,A,A,A,-,A,-,-,A,A,A,A,A,A,A,A,A,A,A,A,A,A,A,A,A,A,B,B,B,B,A,A,A,A,A,A,A,A,A,A,A,A,B,B,B,B,A,A,A,A,A,A,A,A,A,A,A,A,A,B,B,B,B,B,B,B,B,B,B,B,B,B,A,A,A,A,A,B,B,-,B,B,B,B,B,B,B,B,B,B,B,-,A,A,A,A,A,A,A,A,A,A,-,B,B,B,B,B,B,B,B,B,B,-,B,A,A,A,A,A,A,A,A,B,B,B,B,B,A,A,A,A,A,A,A,B,B,B,-,B,B,B,A,A,A,A,A,A,A,A,A,A,A,A,A,A,A,A,A,A,A,A,A,A,A,A,A,B,B,B,B,-,B,B,B,B,B,B,B,B,B,B,B,-,B,B,B,-,B,B,B,B,B,-,B,B,B,B,B,B,A,A,A,-,A,A,A,A,A,A
87.98818008,B,B,B,B,B,B,B,B,B,A,A,A,A,A,A,A,A,A,A,A,A,A,A,A,A,A,A,A,A,A,A,A,A,A,A,A,A,A,A,A,A,A,A,B,B,B,B,B,B,B,B,B,B,B,B,B,A,A,H,H,A,A,A,A,H,A,A,A,A,A,A,A,B,B,A,A,A,A,A,A,A,A,A,A,A,A,A,A,A,A,A,A,A,A,-,A,A,A,A,A,A,A,-,B,B,B,B,B,B,B,B,B,B,B,B,B,B,B,B,B,B,B,B,B,B,B,B,B,B,B,B,A,A,B,B,B,-,B,B,B,B,B,B,B,B,B,B,A,A,A,A,A,A,A,A,A,-,A,B,B,B,B,A,A,A,A,B,A,A,B,B,A,A,A,A,A,A,A,A,A,A,A,A,A,A,A,A,A,A,A,B,B,B,B,B,B,B,B,B,A,A,A,A,A,A,A,A,A,A,A,A,A,A,A,-,B,A,A,A,A
107.0839111,B,B,A,A,A,A,B,B,B,B,B,B,B,B,B,B,-,B,B,B,B,B,B,A,A,A,A,A,A,A,A,A,A,A,A,A,B,B,B,B,A,A,A,B,B,B,B,B,B,B,H,H,H,H,H,H,B,B,B,B,B,B,B,B,B,A,A,A,A,-,A,A,A,A,A,A,A,A,A,A,A,A,A,A,A,A,A,B,B,B,B,B,-,-,B,B,B,B,A,A,A,B,B,B,B,B,B,B,B,-,B,B,B,B,B,B,B,A,A,A,A,A,A,A,A,A,A,B,B,B,B,B,A,A,A,A,B,B,B,A,A,A,A,A,A,A,A,A,A,B,B,B,B,B,B,B,A,A,A,A,A,A,B,B,B,B,B,B,-,B,B,B,B,-,B,B,B,A,A,B,B,B,A,A,A,A,A,A,A,A,A,A,A,A,A,A,A,B,B,B,B,B,B,B,B,B,B,B,B,A,B,B,B,B,B,B,B,B,B,B
76.72565467,B,B,B,B,B,B,B,B,-,A,A,A,A,A,A,A,A,A,A,A,A,A,A,B,-,B,B,B,B,B,B,B,B,B,B,B,B,B,B,B,B,-,B,B,B,B,B,B,B,B,B,B,B,B,B,B,B,B,B,-,B,B,B,B,B,B,B,B,B,B,A,A,A,A,A,-,A,A,A,A,A,A,A,A,A,A,A,A,A,A,A,A,-,A,A,A,A,B,B,B,B,B,B,-,B,B,A,A,A,A,A,A,A,A,B,B,B,B,B,B,B,B,B,B,B,B,B,B,B,B,B,B,A,A,A,A,A,-,A,A,A,A,A,A,A,H,B,B,B,B,B,B,-,A,A,A,B,B,B,B,B,B,B,B,B,B,B,B,-,B,B,B,B,B,B,B,B,-,B,B,-,B,B,B,B,B,B,B,B,B,A,A,A,A,A,A,A,A,A,A,A,A,A,A,A,A,A,A,A,A,A,A,A,B,B,B,B,-,B,B
72.88998932,A,A,A,A,A,A,A,A,A,A,A,B,-,B,B,B,B,B,B,B,B,B,B,B,A,-,A,A,A,A,A,A,A,B,B,B,A,A,-,A,A,A,A,B,B,B,B,B,B,B,B,B,B,B,B,B,B,B,B,B,B,B,B,B,B,A,A,A,A,A,A,A,A,A,A,A,A,A,-,A,A,A,A,A,A,A,A,A,A,A,A,A,A,A,B,A,A,A,A,A,A,A,A,A,A,A,A,A,A,A,A,A,A,A,A,A,A,A,A,-,B,B,B,B,B,A,A,A,A,A,B,B,B,B,B,A,A,A,A,A,A,A,A,A,A,A,A,A,A,A,A,A,A,A,A,A,B,B,A,A,A,A,B,B,B,B,B,B,B,B,B,B,B,B,B,B,B,A,A,A,A,B,A,A,A,A,B,B,B,B,A,A,A,A,A,A,A,A,A,A,A,A,A,A,A,A,A,A,A,A,A,A,A,A,B,B,B,-,A,A
77.87871687,B,B,B,B,B,B,B,B,B,B,B,B,A,A,A,A,A,A,A,B,B,B,A,B,B,B,B,B,B,B,B,B,B,B,B,B,B,B,B,B,B,B,B,B,B,B,B,B,B,B,B,B,B,B,B,B,B,B,B,B,B,A,A,A,A,A,A,A,A,A,A,A,A,A,-,-,B,B,B,B,B,A,A,A,A,A,A,B,A,A,A,A,A,B,B,B,B,B,B,B,B,B,A,A,A,A,A,A,A,A,A,A,A,A,A,A,A,A,A,A,A,A,A,A,A,A,A,A,A,A,A,A,A,A,A,A,A,A,-,A,A,A,A,A,A,B,B,B,B,A,A,B,A,A,B,B,A,A,A,A,B,B,A,A,A,A,A,A,A,A,A,A,A,A,A,A,A,A,-,A,A,A,A,A,A,B,B,B,B,B,A,A,A,A,A,A,A,A,A,A,A,A,A,A,A,A,A,A,A,A,A,A,A,A,A,A,A,A,A,A
86.16330556,A,A,A,A,A,A,H,H,B,B,B,B,A,B,B,B,B,B,B,B,B,B,B,B,B,B,B,B,B,B,B,B,B,B,B,B,B,B,B,B,B,B,B,H,H,A,A,A,A,A,A,A,A,A,A,A,A,A,A,A,A,A,A,A,A,B,A,A,A,A,A,A,A,A,A,A,A,A,A,A,A,A,A,A,A,A,-,A,A,A,A,A,A,A,B,B,B,B,B,B,B,B,B,-,-,B,B,B,B,B,B,B,B,B,B,B,B,B,B,B,B,B,B,B,B,B,B,B,B,B,B,B,A,B,B,B,B,B,B,B,B,B,B,B,B,B,B,B,B,B,B,B,B,B,B,B,A,A,A,A,B,B,B,B,B,B,B,-,B,B,B,B,B,B,B,A,A,A,A,B,B,B,A,A,A,A,A,A,A,A,B,B,B,B,B,B,B,B,A,A,A,A,A,A,A,A,A,A,A,A,A,-,A,A,A,A,A,A,A,A
72.4554329,B,B,B,B,B,B,B,B,B,B,B,B,B,B,B,B,B,A,H,B,B,B,B,B,B,B,B,B,B,B,B,B,B,B,B,B,B,B,B,B,B,B,B,B,B,B,B,B,-,B,B,B,B,B,B,B,-,B,B,B,B,B,B,B,B,A,A,A,A,A,A,A,A,A,A,A,A,A,A,A,A,A,A,A,A,A,A,B,B,A,-,A,A,A,A,A,A,-,A,A,B,B,B,B,-,B,B,A,A,A,A,A,A,A,A,A,A,-,A,A,A,A,A,A,A,A,A,A,A,A,A,A,A,B,B,B,B,A,A,A,A,A,A,-,-,A,A,A,A,A,A,A,A,A,A,A,A,A,A,A,A,A,A,A,A,A,A,A,A,B,B,B,B,B,-,B,B,B,B,B,B,B,B,B,B,B,B,B,B,B,A,-,A,A,A,A,A,A,A,A,A,A,A,A,A,A,A,A,A,A,A,A,A,A,A,A,A,B,B,B
107.3602777,B,-,B,B,B,B,B,B,B,B,B,B,B,B,B,B,B,B,B,-,B,B,B,A,H,H,H,H,H,H,H,H,B,A,A,A,A,A,A,A,-,A,A,A,A,A,A,A,A,A,A,A,A,A,A,B,B,B,B,B,B,B,B,B,A,A,A,A,A,A,A,A,B,B,B,B,B,B,B,B,B,B,B,B,B,B,B,B,B,A,A,A,A,A,A,A,B,B,B,B,B,B,A,A,A,B,B,B,B,B,B,B,H,B,B,B,B,B,A,A,-,A,A,A,-,A,A,A,A,A,A,A,-,B,-,B,B,B,B,B,B,B,B,B,B,B,A,A,A,A,A,A,A,A,B,B,B,B,B,B,B,B,A,H,H,H,H,H,A,A,A,A,A,A,A,A,A,B,B,B,B,B,H,A,A,A,A,A,A,A,A,B,B,B,B,B,B,A,A,A,A,A,A,A,A,A,A,A,A,A,A,A,A,B,A,A,A,A,A,A
81.6273505,B,B,B,B,B,B,A,A,A,A,A,A,B,A,A,A,A,A,A,A,A,A,A,A,A,A,A,A,A,A,A,A,A,A,A,-,B,B,A,A,A,A,B,A,A,A,A,A,A,A,A,A,A,A,A,A,A,A,-,A,A,A,A,A,A,B,B,B,B,B,B,B,B,B,B,B,B,B,B,B,-,B,B,B,B,B,-,B,B,B,B,B,B,B,B,B,B,A,A,A,A,A,A,A,A,A,A,B,B,B,-,B,B,B,B,-,B,B,B,B,B,B,B,B,B,B,B,B,B,B,B,B,B,A,A,A,A,A,A,A,A,-,A,A,A,A,A,A,A,A,A,A,A,A,A,A,A,A,A,A,B,B,B,B,B,B,B,B,B,A,A,A,A,A,A,B,B,B,B,A,A,A,A,A,B,B,B,B,B,B,A,A,A,A,A,A,A,A,A,A,A,A,A,A,A,A,A,A,A,A,-,A,A,A,A,A,A,-,A,A
91.47198129,B,B,B,B,B,B,B,B,B,B,-,B,B,B,B,B,B,B,B,B,B,B,B,B,B,B,B,A,A,A,A,A,A,A,A,A,A,A,A,A,A,A,A,A,A,A,A,A,A,A,A,A,A,A,A,A,A,B,B,-,A,A,A,A,B,A,A,A,A,A,A,A,A,A,A,A,A,A,A,A,A,A,A,A,A,A,A,A,A,A,A,A,A,A,A,A,A,A,A,A,A,A,A,A,B,B,B,B,B,B,B,B,A,A,A,A,A,A,A,H,B,B,B,B,B,A,A,A,B,B,B,B,A,B,B,B,A,A,-,A,A,A,A,A,B,B,B,B,B,B,B,B,B,B,B,B,B,B,B,B,A,A,A,A,A,A,A,A,A,A,A,A,A,A,A,A,-,B,B,A,A,A,A,A,A,A,A,A,A,A,B,B,B,B,B,B,B,B,B,B,B,B,-,B,A,A,B,B,B,B,A,B,B,B,A,A,A,B,B,A
79.04351429,A,A,-,B,B,A,A,A,B,-,B,A,A,A,A,A,A,A,B,B,B,B,B,A,A,A,A,A,A,A,A,A,A,A,A,A,B,B,B,B,B,B,B,B,B,B,B,B,B,B,B,-,A,A,A,A,A,A,A,A,A,A,A,A,A,A,A,A,A,A,B,B,B,B,B,B,B,B,B,A,A,A,B,B,B,B,B,B,B,B,B,B,B,-,B,B,B,B,B,B,A,A,A,A,B,B,B,A,A,A,A,A,A,A,A,A,A,A,A,A,A,A,B,B,B,B,A,A,A,A,A,A,B,B,B,B,B,B,B,B,B,B,B,B,B,B,B,B,B,B,B,B,B,B,B,B,B,B,B,B,B,B,B,B,B,B,B,B,B,B,B,B,B,B,B,B,B,A,A,A,A,A,A,A,B,A,A,A,B,B,B,B,B,B,B,B,B,B,B,B,B,B,-,B,B,B,B,-,B,B,B,B,B,B,B,B,B,B,A,A
123.2743507,A,A,A,A,A,A,A,A,A,A,A,A,A,A,A,A,A,A,A,B,B,B,B,A,A,A,A,A,A,A,A,A,A,A,B,B,B,B,B,B,B,B,B,B,B,B,B,A,A,A,A,A,A,A,A,A,H,H,A,A,A,A,A,A,A,B,-,-,B,B,B,B,B,B,-,B,B,B,B,B,B,-,B,B,B,B,B,B,B,A,A,A,-,A,A,A,A,B,B,B,-,B,B,B,B,B,-,B,B,B,B,B,B,B,B,B,B,B,B,B,B,B,B,B,B,B,B,B,B,B,B,H,A,A,A,A,A,A,A,-,A,B,B,A,-,A,-,A,A,B,B,A,A,A,B,B,B,B,B,B,B,A,A,A,A,A,B,B,B,B,-,B,B,B,B,B,A,B,B,B,B,B,B,B,B,B,A,A,B,B,A,B,B,B,B,B,B,A,A,B,B,B,B,B,B,B,B,B,B,B,B,B,B,B,B,B,B,B,A,A
89.81211677,B,B,B,B,B,B,A,A,B,B,B,B,A,A,-,A,A,A,A,A,A,A,A,A,A,A,A,-,A,-,A,A,A,A,A,B,B,B,B,B,B,B,B,A,A,A,A,A,A,A,A,A,A,-,B,B,B,B,B,B,B,B,B,B,B,A,A,A,A,A,A,A,A,A,A,A,A,A,A,A,-,A,A,A,A,A,A,A,A,A,A,A,A,A,A,A,A,A,A,A,A,A,A,A,A,A,A,A,A,A,A,A,B,B,B,B,B,B,A,A,A,A,A,A,A,A,A,A,A,A,A,A,A,A,A,A,A,B,B,B,B,-,B,B,B,B,B,B,B,B,B,B,-,B,B,B,B,B,B,B,B,B,B,-,B,B,B,B,B,B,B,B,B,B,B,B,B,B,-,B,B,B,B,B,B,B,B,B,B,B,A,A,A,-,A,A,A,A,A,A,A,A,A,A,A,A,A,A,A,A,H,B,A,A,B,B,B,B,B,B
104.7814214,A,A,A,A,B,B,B,A,A,A,A,A,A,A,A,A,A,B,B,B,B,B,B,A,A,A,A,A,A,A,A,A,A,A,A,H,A,-,B,B,B,B,B,B,B,B,B,B,B,B,B,-,B,B,B,B,B,B,B,B,B,B,B,B,B,B,B,B,B,B,B,B,B,B,B,B,B,-,B,B,B,B,B,B,-,B,B,B,A,A,A,A,A,A,H,H,H,H,H,H,B,-,A,A,B,B,B,B,B,B,B,B,B,B,B,B,B,B,B,B,B,A,A,A,A,A,A,A,A,A,A,A,A,B,B,B,B,B,B,B,B,B,B,B,B,B,B,B,A,A,A,A,A,A,A,A,B,B,B,B,B,B,B,B,B,B,B,-,B,B,B,B,B,A,A,-,A,A,A,A,A,A,A,A,A,A,A,A,A,A,A,B,-,B,B,B,B,A,A,A,B,A,A,-,A,A,B,B,A,A,B,B,B,B,B,B,B,A,A,A
120.3290382,B,B,B,B,B,B,A,A,B,B,B,B,B,A,A,A,A,A,B,B,B,B,B,B,B,B,B,B,B,B,B,B,B,B,B,A,A,A,A,A,A,A,A,A,A,A,A,A,A,A,A,A,A,A,A,A,A,A,-,A,B,B,B,-,B,B,-,B,B,B,B,B,B,B,B,B,B,B,B,B,B,B,B,B,B,B,B,A,A,A,A,A,A,A,A,A,A,A,A,A,A,A,B,B,B,B,B,B,B,B,B,B,A,A,A,A,A,H,H,H,H,H,H,H,H,B,B,B,B,B,B,B,B,A,A,A,A,A,A,A,A,A,B,B,B,B,B,B,B,B,B,B,B,B,A,A,A,A,A,A,A,A,A,A,A,A,A,A,A,A,A,-,B,B,B,B,B,B,B,B,B,B,B,B,B,B,A,A,A,A,B,B,-,B,B,B,B,B,B,A,A,A,A,-,A,A,B,A,A,A,A,A,A,A,A,B,B,B,A,B
106.6862213,B,B,B,B,B,B,B,B,B,B,B,B,B,B,B,B,A,-,A,A,A,A,B,B,B,B,B,B,B,B,B,B,B,B,-,B,B,B,B,B,B,B,B,A,A,-,B,B,B,B,B,B,B,A,A,A,A,A,A,A,B,B,B,B,A,B,B,B,B,B,B,B,B,B,B,B,B,B,B,B,B,B,B,B,B,B,B,A,A,A,A,A,A,A,A,A,A,A,A,A,B,B,A,A,A,A,A,B,B,B,B,B,B,B,B,B,B,B,B,B,B,B,B,B,B,B,B,B,B,-,B,B,A,A,A,A,B,B,B,B,B,B,B,B,B,B,B,B,B,B,B,B,B,B,B,B,B,B,B,B,B,B,B,B,B,B,B,B,B,B,A,A,A,-,A,A,A,A,A,B,-,B,B,B,B,B,B,B,B,B,A,A,A,A,A,A,A,A,A,A,A,A,A,A,A,A,B,B,B,A,A,A,A,A,B,B,B,A,A,A
148.516704,B,B,B,-,B,B,B,B,B,B,A,B,B,B,B,B,B,B,B,B,B,B,B,B,B,B,B,A,A,A,A,A,A,A,A,A,A,A,B,B,B,B,B,A,A,B,B,B,B,B,B,B,A,A,A,A,A,A,A,A,A,A,A,A,A,A,A,A,B,B,B,B,-,B,B,B,B,B,B,B,B,B,B,B,B,A,A,A,A,A,A,A,A,A,A,A,A,A,A,A,A,A,B,B,B,B,B,A,A,A,A,A,A,A,A,A,A,B,B,B,B,A,A,A,A,A,A,A,A,A,A,B,B,A,A,A,A,A,B,B,B,A,A,A,B,A,A,A,B,B,B,B,B,B,B,B,B,B,B,B,B,B,B,B,B,B,B,B,B,B,B,B,B,B,B,B,B,B,B,B,B,B,B,B,B,B,B,B,B,B,B,B,B,B,B,-,B,B,B,B,B,B,B,B,B,-,B,B,B,B,B,B,-,B,B,B,B,B,A,A
78.37430469,B,B,B,B,B,B,B,A,A,A,A,A,A,A,A,A,A,A,A,A,A,A,A,A,H,B,B,B,B,B,B,B,B,B,B,B,B,B,B,B,B,B,B,B,A,A,A,A,A,A,A,A,A,A,A,A,A,A,A,A,A,A,A,A,A,A,A,A,A,A,A,A,A,A,A,A,A,A,A,A,A,B,B,B,B,B,B,B,B,B,B,B,B,B,B,B,B,B,B,B,B,B,A,A,A,A,A,A,A,A,A,A,A,B,B,B,B,B,B,B,A,A,A,A,A,B,B,B,B,B,B,B,B,B,B,B,B,B,B,B,B,B,B,B,A,B,B,B,B,B,B,B,B,B,B,B,B,-,B,B,B,B,B,B,B,B,B,B,B,B,B,B,B,B,B,B,B,B,B,B,B,B,A,A,A,A,A,A,A,B,-,B,H,B,B,B,B,B,B,A,A,A,A,-,A,A,B,B,B,B,A,A,A,A,A,A,A,A,A,A
66.48851588,A,A,A,A,A,A,A,A,A,A,A,A,A,A,A,A,A,A,A,A,A,A,A,A,A,A,A,A,A,A,A,A,A,B,B,B,B,B,B,-,B,B,B,B,B,B,B,B,B,B,-,B,B,B,B,B,B,B,B,B,B,B,B,B,B,A,A,A,A,A,A,A,B,A,A,A,A,A,A,A,B,B,B,B,B,B,B,B,B,B,B,B,B,B,B,B,B,B,B,B,B,B,A,A,A,A,A,A,A,-,-,B,B,B,A,A,A,A,A,-,A,A,A,A,A,B,B,B,B,B,B,B,B,A,A,A,A,A,A,A,A,A,A,A,A,A,A,A,A,A,A,B,B,B,B,B,B,B,B,B,B,B,A,A,A,A,A,A,A,A,A,A,A,A,A,A,H,H,H,H,H,H,B,B,B,A,A,A,A,A,B,B,B,B,B,B,B,A,A,A,A,A,A,A,A,B,B,B,B,B,A,A,A,A,A,A,A,A,A,A
110.767561,B,B,B,B,B,B,B,B,B,B,B,A,B,B,A,A,A,A,H,A,A,A,A,A,A,A,A,A,A,A,B,B,B,B,A,B,B,B,B,B,B,B,A,A,A,A,A,A,A,A,A,A,A,A,A,A,A,A,A,A,A,A,A,A,A,A,A,B,B,B,B,B,B,B,B,B,B,B,B,B,B,B,B,B,B,B,B,B,B,A,A,A,A,A,A,A,A,B,B,B,A,A,A,-,A,A,A,A,A,A,A,A,A,A,A,A,A,A,A,A,B,B,B,B,B,B,B,B,B,B,B,H,H,B,B,B,B,B,-,B,B,B,B,H,H,A,B,B,B,A,A,A,B,B,B,B,B,B,B,B,B,B,A,A,A,A,A,A,A,A,A,A,A,A,A,A,A,B,B,B,B,B,B,B,A,B,B,B,-,B,A,A,A,A,A,A,A,A,A,A,A,A,A,A,A,A,A,A,A,H,A,A,A,-,A,A,A,A,A,A
104.721966,B,B,B,B,B,B,B,B,B,B,B,B,B,B,B,B,B,B,B,A,A,A,A,A,A,A,A,A,-,A,A,A,A,A,A,A,A,A,A,A,A,A,A,A,A,A,A,A,A,A,A,A,A,A,A,A,A,H,H,H,A,A,A,A,A,B,B,B,B,B,B,B,B,B,B,B,B,B,-,B,B,B,A,A,A,A,A,B,B,B,B,B,B,B,B,B,B,B,A,A,B,B,B,B,B,B,B,B,B,B,B,B,B,B,B,B,B,B,B,B,B,B,B,B,B,B,B,B,B,A,A,B,B,A,A,A,A,A,A,A,A,B,B,B,B,B,B,B,B,-,B,A,B,B,B,B,B,B,B,B,B,B,B,B,B,B,B,B,B,B,B,B,B,B,B,A,A,A,A,B,B,B,B,B,B,B,B,B,B,B,A,A,A,A,A,A,A,H,H,B,B,B,B,B,A,A,B,B,B,B,B,B,-,A,A,-,A,A,A,A
61.50211563,B,B,B,B,B,B,B,B,B,A,A,A,A,A,A,A,A,A,A,A,A,A,A,B,A,A,A,A,A,A,A,A,B,A,A,A,A,A,A,A,A,A,A,A,B,B,B,A,A,A,A,A,A,A,A,A,A,A,A,A,A,A,A,A,A,B,B,B,B,B,B,B,B,B,-,B,B,B,B,B,B,B,B,B,B,B,B,B,B,B,B,B,B,B,B,B,B,B,B,B,B,B,-,A,-,A,A,A,A,A,A,A,A,A,A,A,A,A,A,A,A,A,A,A,A,A,A,A,A,A,A,A,A,A,A,A,A,A,A,A,-,A,A,H,H,H,H,H,H,H,H,H,A,A,A,A,A,A,A,A,B,B,B,B,B,B,B,B,B,B,B,B,B,B,B,B,B,B,B,B,B,B,B,B,B,B,B,B,B,B,B,B,B,B,B,B,-,-,B,B,B,B,B,B,B,B,B,B,B,B,B,B,B,B,B,B,B,B,A,A
75.56817319,B,B,B,A,A,A,A,-,B,B,B,B,B,B,B,B,B,B,B,B,B,B,B,A,A,A,A,A,A,A,A,A,A,A,A,A,A,A,A,A,A,A,A,H,H,H,H,A,A,A,-,A,A,A,A,-,A,A,A,A,A,A,A,A,-,H,B,B,H,H,H,H,A,A,A,A,A,A,A,A,A,A,A,A,H,H,H,A,H,B,B,B,B,B,B,B,B,B,B,B,B,B,B,B,B,B,B,B,B,B,B,B,B,B,B,B,B,B,B,B,B,B,B,B,B,A,A,A,A,A,A,-,A,B,B,B,B,B,B,B,B,A,A,A,A,B,B,B,B,B,B,A,A,A,B,B,B,B,B,B,A,A,A,A,A,A,A,A,A,A,A,A,A,A,A,A,A,A,A,A,A,A,A,A,A,A,A,B,B,B,B,-,B,B,B,B,B,B,B,B,B,B,B,B,B,B,B,B,A,A,A,-,A,A,A,A,A,A,B,B
87.38350581,A,A,A,A,A,A,A,A,A,A,A,A,A,A,A,A,A,A,A,A,A,A,A,B,A,A,A,A,A,A,A,A,A,A,A,A,A,A,A,A,A,A,A,A,A,A,A,A,A,A,A,-,A,A,A,A,A,A,A,A,B,B,B,B,B,B,A,A,A,A,A,A,A,A,A,A,A,A,A,B,B,B,B,B,B,B,B,A,A,B,-,-,B,B,B,B,B,B,B,B,B,B,A,A,A,A,B,B,B,B,H,H,A,A,A,B,B,B,B,B,B,B,B,-,B,B,B,B,B,B,B,B,B,B,B,B,B,B,B,-,B,B,-,B,B,B,B,B,B,B,B,B,B,B,B,B,B,B,B,B,A,A,A,A,A,A,A,-,A,A,A,A,A,A,A,A,B,B,B,B,B,B,B,B,B,B,B,B,B,B,B,A,B,B,B,B,B,B,B,B,B,B,B,B,B,B,B,B,B,A,A,A,A,A,A,A,A,B,B,A
64.27319241,B,B,B,A,A,A,A,A,B,B,-,B,B,A,A,A,A,-,A,A,A,A,A,A,A,A,A,-,A,B,B,B,B,B,B,A,A,A,B,B,B,B,B,B,B,B,B,B,B,B,B,B,B,B,B,B,B,B,B,B,H,H,B,B,B,A,A,A,A,A,A,A,A,A,-,A,A,A,A,A,A,A,A,A,A,A,A,A,A,B,B,B,B,B,B,B,B,B,B,B,A,A,B,B,B,B,A,A,A,A,A,A,A,A,A,A,A,A,A,A,-,A,A,B,B,A,A,A,A,A,A,A,-,A,A,B,B,B,B,B,B,A,A,A,A,A,A,A,A,A,A,A,A,A,B,B,B,B,B,B,A,A,H,A,A,A,A,A,B,B,B,B,B,B,B,B,H,A,A,A,A,B,B,A,A,B,B,B,B,B,B,B,B,B,B,B,B,-,B,B,B,B,B,B,B,-,B,B,B,B,B,B,B,B,B,B,B,B,B,B
85.36075047,B,A,A,A,A,A,A,A,A,A,A,-,B,B,B,B,B,B,B,B,B,B,B,B,B,B,B,B,-,B,B,B,B,B,B,B,B,B,B,B,B,B,B,B,B,B,A,A,A,A,A,A,A,A,A,A,A,A,A,A,A,A,A,B,B,B,A,A,A,A,A,A,A,A,-,A,A,A,A,A,A,A,A,A,A,B,B,B,B,B,B,B,B,B,B,B,B,A,A,H,B,B,A,A,B,B,B,B,B,B,B,B,B,B,B,B,B,B,B,B,B,A,A,A,A,A,A,A,A,A,A,A,A,A,A,A,A,A,A,A,A,A,A,A,A,A,A,A,A,A,A,A,A,A,A,A,A,A,A,A,B,B,A,A,A,A,A,A,-,A,A,A,A,A,A,A,A,A,A,A,A,A,A,A,A,A,A,A,A,A,B,B,B,B,B,B,B,A,A,A,A,A,A,B,B,-,B,B,B,B,B,B,B,B,A,A,A,A,A,A
82.91784221,B,B,B,B,B,B,B,B,B,B,B,B,B,B,B,B,B,B,B,B,B,B,B,A,A,A,A,A,A,A,A,A,A,A,A,A,A,A,A,A,A,A,A,A,A,B,B,B,H,B,B,B,B,B,B,H,A,A,A,A,A,A,A,A,A,A,A,A,A,A,A,A,A,A,A,A,A,A,A,A,A,A,A,A,A,B,B,A,A,B,B,B,B,B,B,B,B,B,B,B,B,B,B,-,B,B,B,B,B,B,B,B,B,B,B,B,B,B,B,B,A,A,A,A,A,A,A,A,A,B,B,-,B,A,A,B,B,B,-,A,A,A,A,A,A,A,A,A,A,A,A,A,A,A,A,A,A,A,A,A,B,B,B,B,B,B,B,B,B,B,B,B,B,B,B,B,B,B,B,B,B,B,B,B,B,B,B,B,B,B,A,B,B,B,B,B,B,B,B,B,B,B,B,B,B,B,B,B,B,B,B,A,A,A,A,A,A,A,B,B
109.3959402,A,A,A,A,A,A,A,A,A,A,A,A,A,A,A,A,A,A,A,A,A,A,A,B,B,B,B,B,B,B,B,B,B,B,B,B,B,B,B,B,B,B,B,B,B,A,B,B,B,B,B,A,A,A,B,B,B,A,A,A,A,A,A,A,A,B,B,B,B,B,B,B,B,A,A,-,A,A,A,A,A,A,A,A,A,A,A,A,A,A,-,A,A,A,A,A,A,A,-,B,B,B,B,B,B,B,B,B,B,B,B,B,B,B,B,B,B,B,A,A,A,A,A,A,A,A,A,A,A,A,A,-,A,B,B,B,B,B,A,A,A,A,A,A,A,A,B,B,B,B,B,B,B,B,B,B,B,B,B,-,H,H,A,A,A,A,A,-,A,A,A,A,A,A,A,A,A,A,A,A,A,A,A,A,A,B,B,B,B,B,A,A,A,A,A,A,A,A,A,B,B,B,B,B,-,B,B,B,B,B,B,B,B,B,B,B,B,B,A,A
68.15109728,-,B,B,B,B,B,B,A,B,B,A,A,A,A,A,A,A,A,A,A,A,A,B,B,B,B,B,B,B,B,B,A,A,A,A,A,A,A,A,A,A,A,A,B,B,B,B,B,A,A,A,A,A,A,A,A,A,A,A,A,A,A,A,A,B,A,A,A,B,B,B,B,A,A,A,A,B,B,B,B,B,B,B,B,B,B,B,B,B,-,B,-,B,B,B,B,B,B,B,B,B,B,A,A,A,A,A,A,A,A,A,A,B,B,B,B,B,B,B,B,B,B,B,B,B,B,B,B,B,B,B,B,B,A,A,B,B,B,A,A,A,A,A,B,B,B,B,B,B,B,B,B,B,B,B,B,B,B,B,B,A,H,B,B,B,B,B,B,B,B,B,B,B,B,B,B,B,B,B,-,B,B,B,B,B,B,B,B,B,B,A,A,A,B,B,B,B,B,B,B,B,B,B,B,B,B,B,B,B,A,A,A,A,A,A,A,A,A,A,A
98.27845766,A,A,A,A,A,A,A,A,A,A,A,A,A,A,A,B,B,B,B,B,B,B,-,A,B,B,B,B,B,B,B,B,B,B,B,B,B,B,B,B,B,B,B,B,B,B,B,B,B,A,A,A,A,A,A,A,A,A,A,A,A,A,A,A,B,B,B,B,B,B,B,-,B,B,B,B,B,B,B,B,B,B,B,B,B,B,B,B,B,B,B,B,B,B,B,B,B,B,B,B,B,B,B,B,B,B,B,B,B,B,B,B,B,B,B,B,B,B,B,B,B,A,A,A,A,B,B,B,B,B,B,B,B,B,B,-,B,B,B,B,B,B,B,B,B,B,B,-,B,B,B,B,B,B,B,B,B,B,B,B,B,B,B,B,B,B,B,B,B,B,B,A,A,A,A,B,B,B,B,B,B,A,A,A,B,B,B,B,B,B,-,B,B,A,A,A,A,H,H,B,B,A,A,A,A,A,A,A,A,A,B,B,B,B,B,B,B,B,B,B
68.94887719,B,B,B,B,B,B,B,B,B,B,B,B,B,B,B,B,B,B,B,B,B,B,B,B,B,B,B,B,B,B,B,B,B,B,B,B,B,B,B,B,-,B,B,A,A,A,A,A,A,A,A,A,A,A,A,-,H,H,H,H,A,A,A,A,B,B,B,B,B,A,A,A,A,A,A,A,A,A,B,B,B,B,B,B,B,B,B,B,B,B,-,B,B,A,B,B,B,B,B,B,B,B,B,H,B,B,B,B,A,A,A,A,A,A,-,A,A,A,A,A,A,A,A,A,A,A,A,A,A,A,B,B,B,A,A,A,A,A,A,A,A,A,A,A,A,A,A,A,A,A,A,-,A,A,A,A,B,B,B,B,A,A,B,B,B,B,B,B,B,B,B,B,B,B,B,B,B,B,B,B,B,B,B,B,B,B,B,B,B,B,B,B,B,B,B,B,B,B,B,B,B,B,B,B,A,A,A,A,A,A,A,A,A,A,A,A,A,B,B,B
111.4093392,A,B,B,A,A,A,B,B,A,A,A,A,A,A,A,A,B,A,H,A,A,A,A,A,A,A,A,A,A,A,A,A,A,A,A,A,-,A,A,A,A,A,A,A,A,A,A,A,A,A,A,A,A,A,A,A,A,A,A,A,A,A,A,A,A,B,B,B,B,B,B,B,B,B,B,B,B,B,B,B,B,B,B,B,B,B,B,A,A,B,B,B,B,B,B,B,B,B,B,B,B,B,B,B,H,H,A,-,-,A,A,A,A,A,A,A,A,A,A,A,A,A,A,A,A,A,A,A,A,A,B,B,B,B,B,B,B,B,B,B,B,B,B,B,B,B,B,B,B,B,B,B,B,B,B,B,B,B,B,B,A,-,B,B,B,B,B,B,B,B,B,B,B,B,B,B,A,A,A,B,B,B,B,B,B,B,B,A,A,A,A,A,A,A,A,A,A,B,B,B,B,B,B,B,B,B,B,B,B,A,A,A,A,-,A,A,A,A,A,B
84.81488643,B,B,-,A,-,A,A,A,A,A,A,A,A,A,A,A,A,A,A,A,A,A,B,A,A,A,A,A,A,A,A,A,A,A,A,A,A,A,A,A,A,A,A,A,A,A,A,A,A,A,A,A,A,A,A,A,A,A,A,A,B,A,A,A,B,B,B,B,B,B,B,B,B,B,B,B,B,B,B,B,B,B,B,B,B,B,B,A,A,A,A,A,B,B,B,B,-,B,B,B,B,B,B,B,-,B,B,B,B,B,B,B,-,B,B,B,B,A,A,A,A,A,A,A,-,A,A,A,A,A,A,A,A,A,A,A,A,A,A,A,A,A,A,A,-,B,B,B,B,A,A,A,A,A,A,A,H,H,H,H,B,B,A,A,A,A,A,A,A,A,A,B,B,B,B,B,A,A,A,A,A,B,B,B,B,B,B,B,B,B,B,B,B,B,B,B,B,B,B,B,B,B,B,B,B,B,B,B,B,A,A,B,A,A,A,A,A,B,A,A
120.3714344,-,A,A,B,B,-,B,B,A,A,A,A,A,A,A,A,A,A,A,A,A,A,-,A,-,A,A,-,A,A,A,A,A,A,A,A,A,A,A,A,A,A,B,B,B,A,A,A,A,A,A,B,A,A,A,A,H,H,H,H,B,B,B,B,B,A,A,A,A,A,A,A,A,A,A,A,A,A,A,A,A,A,A,A,A,B,B,B,B,A,A,A,A,A,A,A,A,A,A,A,-,B,A,A,A,A,A,A,A,A,A,A,A,A,A,A,A,B,B,B,B,A,A,A,A,A,A,A,A,A,A,A,A,A,A,A,A,A,A,A,B,B,B,B,B,B,B,B,B,B,A,A,A,A,B,B,B,B,B,B,A,A,A,A,B,B,B,B,B,A,A,B,-,H,H,H,H,B,B,A,A,A,A,A,A,B,B,B,B,B,B,A,A,A,A,A,A,A,A,A,A,A,A,B,B,B,B,B,-,B,B,A,B,B,B,B,B,B,B,B
99.92180054,B,B,B,B,B,B,B,B,A,H,H,B,B,B,B,B,-,B,A,A,A,A,B,B,B,B,-,B,B,-,B,B,B,B,B,B,B,-,B,B,B,B,B,B,B,B,B,B,B,B,B,B,B,B,B,B,B,-,B,A,B,A,A,A,B,A,A,B,B,B,B,B,B,B,B,B,B,B,A,A,A,A,A,A,A,A,A,B,B,A,A,A,A,A,A,A,A,A,A,A,A,A,B,B,A,A,B,A,A,A,A,A,A,B,-,B,B,A,A,A,B,A,A,A,A,A,A,-,A,-,A,A,A,B,B,B,A,A,A,A,A,A,A,A,A,A,A,A,A,B,B,B,B,B,B,B,B,B,B,B,B,B,B,B,B,B,B,B,B,B,B,B,B,B,B,B,B,B,B,B,B,B,B,B,B,B,B,A,A,A,A,A,A,A,A,A,A,A,A,A,A,A,A,A,A,A,B,B,B,B,A,A,A,A,A,A,A,A,B,A
103.4562404,A,B,A,A,A,A,A,A,A,A,A,A,A,B,B,B,B,B,B,B,B,B,B,B,B,B,B,B,B,B,B,B,B,B,B,B,B,B,B,B,B,B,B,B,B,B,B,B,B,B,B,-,A,A,A,A,A,A,A,A,-,A,A,A,A,B,B,B,B,B,B,B,B,B,B,B,B,B,B,B,B,B,B,B,B,B,B,A,A,A,A,A,A,A,A,A,A,A,A,A,A,A,B,B,-,B,B,B,B,B,B,A,A,A,A,A,A,A,A,A,A,A,A,A,A,A,A,A,A,A,A,A,A,B,B,B,B,B,-,A,A,A,A,A,A,A,A,A,A,A,A,A,A,A,A,A,A,A,A,A,A,A,B,B,B,B,B,B,B,B,B,A,A,A,A,A,-,B,B,B,B,-,A,A,-,A,A,A,A,-,B,B,B,B,B,B,B,B,B,A,A,A,A,A,A,A,A,-,-,A,A,A,A,A,A,-,A,-,A,A
69.08784302,B,B,B,B,B,B,B,B,A,A,A,-,B,A,A,B,B,B,A,A,A,-,A,A,A,A,A,A,A,A,A,A,A,A,A,A,A,A,A,A,A,A,A,A,A,A,A,A,A,A,A,-,B,B,B,B,B,B,B,B,A,A,A,A,A,A,A,A,A,A,B,B,B,B,B,B,B,B,A,A,A,A,A,A,A,A,A,A,B,B,B,B,B,B,A,A,A,A,A,A,A,A,B,B,A,A,A,A,A,A,A,A,A,A,A,A,A,A,A,A,A,A,A,A,A,A,A,A,A,A,A,A,A,B,B,B,B,B,B,B,B,-,B,B,B,B,B,B,B,B,B,B,B,B,B,B,B,B,B,B,B,B,B,B,B,B,B,B,B,A,A,B,B,-,A,B,B,B,B,B,B,B,B,B,B,B,B,B,B,B,A,A,A,A,A,A,A,B,-,A,A,A,A,A,A,A,B,B,B,B,A,B,B,B,-,B,B,B,B,B
56.66103125,A,A,A,A,A,A,A,A,A,A,A,A,A,A,A,A,A,A,A,A,H,H,A,B,B,B,B,B,B,B,B,B,B,B,B,B,B,B,B,-,B,B,H,B,B,B,B,B,A,B,-,B,B,B,A,A,A,A,A,A,B,B,B,B,B,A,A,A,A,A,A,A,A,A,-,A,A,A,A,A,A,A,H,H,H,A,A,A,A,B,B,B,B,B,B,B,B,B,B,B,B,B,B,B,B,B,B,A,A,A,A,A,A,H,H,B,H,H,H,H,A,A,A,A,A,B,B,B,B,B,B,A,A,B,B,H,H,-,-,B,B,B,B,B,B,B,B,B,B,B,B,B,B,B,B,B,B,B,B,B,B,B,B,B,B,B,B,B,A,A,A,-,A,A,B,B,B,B,B,B,B,B,B,B,B,B,B,B,A,A,A,A,A,A,A,A,A,A,A,A,A,A,A,A,A,A,A,A,A,A,A,A,A,A,A,A,A,A,B,B
73.07602942,B,B,B,B,B,B,-,B,B,B,B,B,B,A,A,A,A,A,A,A,A,A,A,B,B,B,B,B,B,B,B,B,B,B,B,B,B,B,B,B,B,B,B,A,A,A,A,A,A,A,A,A,A,A,B,B,B,B,B,B,A,A,A,A,A,A,A,A,A,A,A,A,A,A,A,A,A,A,B,B,B,B,B,B,B,B,B,B,B,B,B,B,B,B,B,B,B,B,B,B,B,B,B,B,B,B,-,B,B,B,B,B,B,B,B,B,B,B,B,B,B,B,B,B,B,B,B,B,B,B,B,B,A,A,-,B,B,B,B,B,B,B,B,B,B,B,B,B,B,B,B,B,B,B,B,B,B,B,B,B,A,A,A,A,A,A,A,A,A,A,A,H,H,B,B,B,B,B,B,B,B,B,B,B,B,B,B,B,B,B,B,B,H,B,B,H,H,H,H,H,H,H,H,H,H,H,B,B,B,B,B,B,B,B,B,B,B,B,B,B
93.0052511,A,A,A,A,A,A,A,A,A,A,A,A,A,A,B,B,-,B,B,B,B,B,B,A,H,H,H,B,B,B,B,H,H,H,B,A,A,A,A,A,A,B,B,B,B,B,B,B,B,A,A,A,A,A,A,A,B,B,B,-,B,B,B,B,-,A,A,A,A,B,B,B,B,B,B,B,B,B,-,B,B,B,B,B,B,B,-,A,A,B,B,-,B,B,B,-,B,A,A,A,B,B,A,-,A,B,B,-,B,B,B,B,B,B,B,B,B,A,A,A,-,A,A,A,A,A,A,A,A,A,A,A,A,B,B,A,A,A,A,A,A,B,B,B,B,B,B,B,A,A,A,A,A,A,A,A,A,A,A,A,-,B,A,A,A,A,A,A,A,A,A,A,A,A,A,A,B,B,B,A,A,A,B,B,B,B,B,B,B,B,A,A,A,A,A,A,A,A,A,B,B,B,B,B,B,-,B,-,B,B,B,B,B,B,B,B,B,A,A,A
